query,source,td_l1_name,pv_raw
美女,2025search,性化类目浏览或非具体人物浏览,32663.0
马兴瑞另有任用,2025search,人事任免事件查询,28985.0
美女图片,2025search,性化类目浏览或非具体人物浏览,21127.0
新疆自治区党委书记,2025search,公共职务现任者查询,11623.0
陈小江的爷爷是谁,2025search,私人家世与感情关系查询,10266.0
荣昌区委书记,2025search,公共职务现任者查询,10085.0
陈小江任新疆党委书记 马兴瑞另有任用,2025search,人事任免事件查询,9791.0
中央政治局委员,2025search,群体名单枚举,7969.0
新疆书记,2025search,人事任免事件查询,7108.0
宋佳老公是谁,2025search,私人家世与感情关系查询,5997.0
性感美女图片集,2025search,性化类目浏览或非具体人物浏览,5434.0
新疆党委书记,2025search,人事任免事件查询,5148.0
南京市长,2025search,公共职务现任者查询,5067.0
中央政治局常委,2025search,群体名单枚举,4312.0
太原市委书记,2025search,公共职务现任者查询,4272.0
新疆维吾尔自治区党委书记,2025search,人事任免事件查询,3970.0
毛主席,2025search,裸名人物身份识别,3957.0
南京市市长,2025search,公共职务现任者查询,3931.0
统战部部长,2025search,公共职务现任者查询,3855.0
广东省委书记,2025search,公共职务现任者查询,3675.0
包头市委书记,2025search,公共职务现任者查询,3661.0
上海市委书记,2025search,公共职务现任者查询,3605.0
陈小江是谁的后代,2025search,私人家世与感情关系查询,3545.0
中央统战部部长,2025search,公共职务现任者查询,3499.0
陈小江任新疆自治区党委书记,2025search,人事任免事件查询,3433.0
性感美女,2025search,性化类目浏览或非具体人物浏览,3370.0
政治局委员,2025search,群体名单枚举,3339.0
军委副主席,2025search,公共职务现任者查询,2913.0
泳装美女,2025search,性化类目浏览或非具体人物浏览,2601.0
广西主席,2025search,公共职务现任者查询,2599.0
重庆市委书记,2025search,公共职务现任者查询,2469.0
高洪波书记个人简历,2025search,人物档案调阅,2378.0
北京市委书记,2025search,公共职务现任者查询,2318.0
马兴瑞书记,2025search,公共职务现任者查询,2260.0
翁帆现任丈夫是谁,2025search,私人家世与感情关系查询,2201.0
陈小江任新疆维吾尔自治区党委书记,2025search,人事任免事件查询,2198.0
大胸美女,2025search,性化类目浏览或非具体人物浏览,2134.0
重庆荣昌区委书记,2025search,公共职务现任者查询,2050.0
包头市委现任书记,2025search,公共职务现任者查询,2022.0
新疆自治区书记,2025search,公共职务现任者查询,1986.0
山西省长,2025search,公共职务现任者查询,1970.0
黑丝美女,2025search,性化类目浏览或非具体人物浏览,1955.0
国家副主席,2025search,公共职务现任者查询,1954.0
国家主席,2025search,公共职务现任者查询,1917.0
新疆历任党委书记,2025search,群体名单枚举,1877.0
新疆自治区党委领导班子最新,2025search,群体名单枚举,1865.0
美女比基尼,2025search,性化类目浏览或非具体人物浏览,1857.0
美女照片,2025search,性化类目浏览或非具体人物浏览,1825.0
长子县委书记,2025search,公共职务现任者查询,1748.0
国务院副总理,2025search,公共职务现任者查询,1731.0
广西壮族自治区主席,2025search,公共职务现任者查询,1722.0
中组部长现任,2025search,公共职务现任者查询,1636.0
新疆省委书记,2025search,公共职务现任者查询,1618.0
中组部部长,2025search,公共职务现任者查询,1613.0
陈小江的爷爷是中央委员吗知乎,2025search,私人家世与感情关系查询,1576.0
帅哥,2025search,性化类目浏览或非具体人物浏览,1534.0
南京市委书记,2025search,公共职务现任者查询,1468.0
新疆自治区党委书记陈小江简历,2025search,人事任免事件查询,1460.0
国防部长,2025search,公共职务现任者查询,1451.0
帅哥照片,2025search,性化类目浏览或非具体人物浏览,1446.0
宋佳老公,2025search,私人家世与感情关系查询,1431.0
自治区党委书记,2025search,公共职务现任者查询,1416.0
广西自治区主席,2025search,公共职务现任者查询,1375.0
新疆书记陈小江,2025search,人事任免事件查询,1371.0
南宁市委书记,2025search,公共职务现任者查询,1370.0
广西省长,2025search,公共职务现任者查询,1361.0
四大美女,2025search,群体名单枚举,1339.0
会昌县县委书记,2025search,公共职务现任者查询,1325.0
太原现任市委 书记,2025search,人事任免事件查询,1294.0
榕江县委书记,2025search,公共职务现任者查询,1285.0
美女全身,2025search,性化类目浏览或非具体人物浏览,1277.0
新疆自治区主席,2025search,公共职务现任者查询,1266.0
新疆党委领导班子成员最新名单,2025search,群体名单枚举,1256.0
新疆主席,2025search,公共职务现任者查询,1241.0
天津市委书记,2025search,公共职务现任者查询,1240.0
深圳市委书记,2025search,公共职务现任者查询,1237.0
习近平总书记,2025search,垂类外非人物查询,1230.0
中央组织部部长,2025search,公共职务现任者查询,1216.0
重庆最美女孩,2025search,性化类目浏览或非具体人物浏览,1207.0
胸大美女,2025search,性化类目浏览或非具体人物浏览,1197.0
新疆书记任免,2025search,人事任免事件查询,1187.0
新疆书记陈小江简历,2025search,人物档案调阅,1176.0
临沂市市长,2025search,公共职务现任者查询,1164.0
山东省委书记,2025search,公共职务现任者查询,1156.0
山西省省长,2025search,公共职务现任者查询,1124.0
美女写真,2025search,性化类目浏览或非具体人物浏览,1121.0
比基尼美女,2025search,性化类目浏览或非具体人物浏览,1119.0
鹿晗的家庭背景,2025search,私人家世与感情关系查询,1112.0
中央军委副主席,2025search,公共职务现任者查询,1112.0
广西书记,2025search,公共职务现任者查询,1109.0
新疆书记是谁?,2025search,垂类外非人物查询,1104.0
历届国家主席,2025search,群体名单枚举,1097.0
重庆市委现任书记是谁,2025search,公共职务现任者查询,1096.0
赵本山去世了吗,2025search,人物相关说法核实,1094.0
中央政治委员会最新名单,2025search,群体名单枚举,1092.0
新疆历任书记,2025search,群体名单枚举,1088.0
宋佳的老公是谁,2025search,私人家世与感情关系查询,1070.0
公安部部长,2025search,公共职务现任者查询,1058.0
浙江省委书记,2025search,公共职务现任者查询,1055.0
省委常委,2025search,公共职务现任者查询,1034.0
刘晓庆去世了吗,2025search,人物近期事件状态查询,1027.0
统战部长,2025search,公共职务现任者查询,1026.0
中央政法委书记,2025search,公共职务现任者查询,1025.0
鹿晗的父亲什么军职,2025search,私人家世与感情关系查询,1021.0
政法委书记,2025search,公共职务现任者查询,1011.0
广西自治区领导班子最新调整公示,2025search,群体名单枚举,994.0
马丽老公,2025search,私人家世与感情关系查询,989.0
中央书记处书记,2025search,公共职务现任者查询,988.0
新疆党委书记陈小江,2025search,人事任免事件查询,984.0
习主席,2025search,裸名人物身份识别,961.0
中央委员,2025search,群体名单枚举,953.0
陈小江任新疆省委书记,2025search,人事任免事件查询,940.0
陈小江父亲,2025search,裸名人物身份识别,934.0
韩国美女,2025search,性化类目浏览或非具体人物浏览,931.0
中央军委委员,2025search,群体名单枚举,931.0
刘晓庆死了没有,2025search,人物相关说法核实,929.0
中央统战部长,2025search,公共职务现任者查询,922.0
安徽省委书记,2025search,公共职务现任者查询,921.0
陈小江的爷爷是中央委员,2025search,私人家世与感情关系查询,917.0
内蒙古自治区领导班子,2025search,群体名单枚举,912.0
山西省委常委名单最新,2025search,群体名单枚举,903.0
新疆书记自治区书记,2025search,人事任免事件查询,889.0
广西壮族自治区党委领导班子成员图片,2025search,人物肖像图片获取,885.0
国务院总理,2025search,公共职务现任者查询,884.0
广东省委书记现任是哪位,2025search,公共职务现任者查询,880.0
毛主席语录,2025search,裸名人物身份识别,879.0
临沂市委书记,2025search,公共职务现任者查询,874.0
新疆省委书记现任是谁,2025search,公共职务现任者查询,862.0
中组部领导班子成员名单简历表,2025search,群体名单枚举,858.0
长子县委书记郭强,2025search,公共职务现任者查询,853.0
江苏省委书记,2025search,公共职务现任者查询,840.0
动漫美女,2025search,性化类目浏览或非具体人物浏览,809.0
荣昌高书记,2025search,公共职务现任者查询,804.0
宋佳老公是哪位,2025search,私人家世与感情关系查询,804.0
临沂市长,2025search,公共职务现任者查询,803.0
马丽的老公是谁,2025search,私人家世与感情关系查询,802.0
江苏省省长,2025search,公共职务现任者查询,799.0
政协主席,2025search,公共职务现任者查询,798.0
省政协副主席,2025search,公共职务现任者查询,786.0
中国主席,2025search,公共职务现任者查询,786.0
政法委书记是几把手,2025search,群体名单枚举,782.0
高书记荣昌,2025search,人事任免事件查询,782.0
新疆党委书记陈小江简历,2025search,人事任免事件查询,776.0
广西省委书记,2025search,公共职务现任者查询,775.0
辽宁省委书记,2025search,公共职务现任者查询,772.0
赵本山死了吗,2025search,人物相关说法核实,768.0
刘晓庆死了吗,2025search,人物相关说法核实,756.0
历任新疆党委书记,2025search,群体名单枚举,753.0
总理,2025search,垂类外非人物查询,752.0
陈小江父亲是干什么的,2025search,私人家世与感情关系查询,752.0
组织部部长,2025search,公共职务现任者查询,746.0
外交部长,2025search,垂类外非人物查询,719.0
长子县县委书记叫什么,2025search,公共职务现任者查询,715.0
广西壮族自治区党委书记是谁,2025search,公共职务现任者查询,710.0
性感美女图片,2025search,性化类目浏览或非具体人物浏览,710.0
新疆维吾尔自治区书记,2025search,人事任免事件查询,706.0
南京市委现任书记是谁,2025search,公共职务现任者查询,687.0
广西省委书记是哪位,2025search,公共职务现任者查询,675.0
王安宇个人资料简介及家世,2025search,私人家世与感情关系查询,675.0
陈 新疆书记,2025search,人事任免事件查询,674.0
新疆领导班子主要成员名单,2025search,群体名单枚举,674.0
二十届中央政治局委员,2025search,群体名单枚举,670.0
新疆新任书记,2025search,人事任免事件查询,664.0
蒋欣的老公是谁,2025search,私人家世与感情关系查询,662.0
宋佳老公个人简历,2025search,私人家世与感情关系查询,661.0
陈小江任新疆党委书记了吗,2025search,人事任免事件查询,660.0
日本美女,2025search,性化类目浏览或非具体人物浏览,656.0
白丝美女,2025search,性化类目浏览或非具体人物浏览,655.0
江苏省长,2025search,公共职务现任者查询,653.0
山西省委常委,2025search,群体名单枚举,647.0
副主席,2025search,公共职务现任者查询,646.0
长孑县委书记郭强,2025search,人事任免事件查询,641.0
新疆马书记,2025search,人事任免事件查询,637.0
新疆书记历任书记名单最新,2025search,群体名单枚举,637.0
山西省委书记,2025search,公共职务现任者查询,630.0
马心瑞新疆书记,2025search,人事任免事件查询,629.0
胡海峰同志最新职务任免,2025search,人物近期事件状态查询,627.0
陈小江父亲和爷爷是谁,2025search,私人家世与感情关系查询,626.0
中央组织部部长是哪个,2025search,公共职务现任者查询,621.0
二次元美女图,2025search,性化类目浏览或非具体人物浏览,620.0
省政法委书记是几把手,2025search,公共职务现任者查询,614.0
王小红部长简历,2025search,人物档案调阅,614.0
国务委员,2025search,垂类外非人物查询,609.0
全国政协副主席,2025search,公共职务现任者查询,606.0
新疆维吾尔自治区党委书记陈小江,2025search,人事任免事件查询,602.0
苏州市委书记,2025search,公共职务现任者查询,596.0
韦韬任广西壮族自治区党委副书记、政府党组书记,2025search,公共职务现任者查询,592.0
军委委员,2025search,群体名单枚举,590.0
陈小江官位和省书记哪个大,2025search,私人家世与感情关系查询,588.0
李宇春个人资料简介及家世,2025search,私人家世与感情关系查询,583.0
军委主席,2025search,公共职务现任者查询,583.0
中央政治局委员名单,2025search,群体名单枚举,580.0
韦韬书记,2025search,垂类外非人物查询,577.0
于正爆料肖战不跟自己合作,2025search,人物近期事件状态查询,577.0
政协副主席,2025search,公共职务现任者查询,576.0
广东省委领导班子成员,2025search,群体名单枚举,569.0
上海市长,2025search,公共职务现任者查询,567.0
俄罗斯美女,2025search,性化类目浏览或非具体人物浏览,566.0
新彊党委书记陈全国,2025search,人事任免事件查询,564.0
长子县委书记现任,2025search,公共职务现任者查询,559.0
主席,2025search,裸名人物身份识别,554.0
泾县县委书记,2025search,公共职务现任者查询,552.0
太原市长,2025search,公共职务现任者查询,551.0
包头市市委书记,2025search,公共职务现任者查询,551.0
陈小江父亲简介,2025search,人物档案调阅,550.0
国家总理,2025search,公共职务现任者查询,539.0
长子县县委书记,2025search,公共职务现任者查询,538.0
丝袜美女,2025search,性化类目浏览或非具体人物浏览,537.0
中纪委书记,2025search,公共职务现任者查询,536.0
广西省委常委领导班子名单,2025search,群体名单枚举,536.0
丝袜美腿,2025search,性化类目浏览或非具体人物浏览,533.0
太原市市委书记,2025search,公共职务现任者查询,533.0
张少华个人资料简介及家世,2025search,私人家世与感情关系查询,532.0
广东省省长,2025search,公共职务现任者查询,532.0
中国历届领导班子一览表,2025search,群体名单枚举,531.0
包头市委新书记简历,2025search,人事任免事件查询,531.0
中央组织部长,2025search,公共职务现任者查询,531.0
湖南省委书记,2025search,公共职务现任者查询,530.0
天津市副市长王旭,2025search,公共职务现任者查询,530.0
美女图片个性高级感,2025search,性化类目浏览或非具体人物浏览,526.0
重庆市历任书记,2025search,公共职务现任者查询,525.0
四川省委书记,2025search,公共职务现任者查询,521.0
榕江县委书记简历,2025search,人物档案调阅,520.0
会昌县委书记,2025search,公共职务现任者查询,519.0
陈小江父亲陈小伟简介,2025search,人物档案调阅,519.0
王波福建省龙岩市县委书记,2025search,公共职务现任者查询,518.0
中共中央政治局委员,2025search,群体名单枚举,517.0
河北省委书记,2025search,公共职务现任者查询,517.0
组织部长,2025search,公共职务现任者查询,515.0
四川省公安厅新任厅长是谁,2025search,公共职务现任者查询,513.0
何柱国先生逝世,2025search,人物近期事件状态查询,513.0
全国人大常委会委员长,2025search,群体名单枚举,507.0
广东省委领导班子,2025search,群体名单枚举,506.0
兰书记和李人骏什么关系,2025search,私人家世与感情关系查询,506.0
上海市市长,2025search,公共职务现任者查询,506.0
中央财经委员会,2025search,群体名单枚举,506.0
中央统战部副部长,2025search,公共职务现任者查询,505.0
副总理,2025search,公共职务现任者查询,505.0
南宁市委常委书记,2025search,公共职务现任者查询,499.0
习近平主席,2025search,裸名人物身份识别,498.0
七大常务委员排名表,2025search,群体名单枚举,486.0
陈小江的父亲叫什么,2025search,私人家世与感情关系查询,484.0
习近平父亲,2025search,私人家世与感情关系查询,481.0
姜妍老公是哪位,2025search,私人家世与感情关系查询,480.0
马新瑞最新任职公示,2025search,人事任免事件查询,480.0
美女泳装,2025search,性化类目浏览或非具体人物浏览,479.0
太原市市长,2025search,公共职务现任者查询,479.0
古代四大美女,2025search,群体名单枚举,477.0
公安部领导班子名单最新消息公布,2025search,群体名单枚举,476.0
北京市市长,2025search,公共职务现任者查询,472.0
湖北省委书记,2025search,公共职务现任者查询,471.0
"陈小江任新疆维吾尔自治区党委书记,马兴瑞另有任用",2025search,人事任免事件查询,469.0
帅哥图片,2025search,性化类目浏览或非具体人物浏览,468.0
南京市市委领导班子,2025search,群体名单枚举,464.0
张柏芝艳照门,2025search,私人家世与感情关系查询,463.0
美女图,2025search,性化类目浏览或非具体人物浏览,463.0
杨引明任贵州省科技厅书记,2025search,人事任免事件查询,457.0
中央纪委书记,2025search,公共职务现任者查询,456.0
中宣部部长,2025search,公共职务现任者查询,452.0
崇仁县委书记,2025search,公共职务现任者查询,452.0
刘宇宁老婆,2025search,私人家世与感情关系查询,451.0
中共中央政治局常委,2025search,群体名单枚举,451.0
周总理,2025search,垂类外非人物查询,450.0
西藏书记,2025search,公共职务现任者查询,449.0
广东省省委书记,2025search,公共职务现任者查询,449.0
雷电将军被丘丘人抓去繁衍后代,2025search,作品本体获取,449.0
贵州省委书记,2025search,公共职务现任者查询,447.0
习近平母亲,2025search,私人家世与感情关系查询,446.0
中央财经委员会主任,2025search,公共职务现任者查询,446.0
西藏自治区区委书记,2025search,公共职务现任者查询,446.0
内蒙古书记,2025search,公共职务现任者查询,442.0
马云死了吗,2025search,人物相关说法核实,442.0
习近平前妻,2025search,私人家世与感情关系查询,441.0
外交部部长,2025search,公共职务现任者查询,441.0
北京市长,2025search,公共职务现任者查询,440.0
慈禧的丈夫和儿子叫什么名字,2025search,私人家世与感情关系查询,440.0
重庆市荣昌区委书记,2025search,公共职务现任者查询,438.0
福建省委书记,2025search,公共职务现任者查询,438.0
美女131,2025search,性化类目浏览或非具体人物浏览,437.0
深圳市长,2025search,公共职务现任者查询,436.0
中国国家主席,2025search,公共职务现任者查询,435.0
荣昌高书记简历,2025search,人物档案调阅,435.0
广西副书记,2025search,公共职务现任者查询,434.0
上海市委常委名单,2025search,群体名单枚举,433.0
童谣老公王冉,2025search,私人家世与感情关系查询,433.0
江西省委书记,2025search,公共职务现任者查询,429.0
全南县委书记,2025search,公共职务现任者查询,428.0
农生文新任职,2025search,人事任免事件查询,427.0
陕西省委书记,2025search,公共职务现任者查询,425.0
新疆党委领导班子成员最新,2025search,群体名单枚举,424.0
浙江省委常委领导班子,2025search,群体名单枚举,424.0
中纪委副书记,2025search,公共职务现任者查询,424.0
国务院秘书长,2025search,公共职务现任者查询,423.0
天津市副市长,2025search,公共职务现任者查询,420.0
上海市市委书记,2025search,公共职务现任者查询,420.0
历任国家主席,2025search,群体名单枚举,418.0
大雷泳装,2025search,裸名人物身份识别,415.0
毛主席生日,2025search,人物单项属性查询,409.0
陈行甲在哪里担任县委书记,2025search,公共职务现任者查询,408.0
张家辉的老婆叫什么名字,2025search,私人家世与感情关系查询,406.0
欧美美女,2025search,性化类目浏览或非具体人物浏览,405.0
二次元美女,2025search,性化类目浏览或非具体人物浏览,405.0
河北省委常委班子成员名单,2025search,群体名单枚举,405.0
重庆区委书记高洪波是什么级别,2025search,公共职务现任者查询,404.0
统战部副部长,2025search,公共职务现任者查询,403.0
张译老婆,2025search,私人家世与感情关系查询,402.0
新任新疆自治区党委书记是谁,2025search,人事任免事件查询,402.0
李连杰老婆,2025search,私人家世与感情关系查询,401.0
新疆维吾尔自治区党委书记陈小江简历,2025search,人事任免事件查询,401.0
四大美女有哪四位,2025search,群体名单枚举,400.0
省政协主席,2025search,公共职务现任者查询,398.0
公安部长,2025search,公共职务现任者查询,396.0
性感比基尼女孩,2025search,性化类目浏览或非具体人物浏览,396.0
重庆高书记,2025search,公共职务现任者查询,394.0
马兴瑞调任,2025search,人事任免事件查询,393.0
新疆自治区历任党委书记,2025search,群体名单枚举,393.0
新疆自治区党委书记陈小江,2025search,人事任免事件查询,391.0
王皓和他老婆后来怎么样,2025search,私人家世与感情关系查询,390.0
美女套图,2025search,性化类目浏览或非具体人物浏览,390.0
比基尼美女图片,2025search,性化类目浏览或非具体人物浏览,389.0
古代四大美女是哪四位,2025search,群体名单枚举,387.0
小宋佳个人简历及老公,2025search,私人家世与感情关系查询,386.0
广西政府主席,2025search,公共职务现任者查询,386.0
广州市委书记,2025search,公共职务现任者查询,384.0
中央书记处现任书记哪几人,2025search,群体名单枚举,382.0
美女姐姐,2025search,性化类目浏览或非具体人物浏览,381.0
毛主席照片,2025search,人物肖像图片获取,381.0
广东省长,2025search,公共职务现任者查询,381.0
佩通坦老公,2025search,私人家世与感情关系查询,380.0
云南省委书记,2025search,公共职务现任者查询,379.0
中央统战部常务副部长,2025search,公共职务现任者查询,378.0
广西省省长,2025search,公共职务现任者查询,376.0
中央组织部长换人原因,2025search,人事任免事件查询,375.0
李克强总理,2025search,公共职务现任者查询,373.0
侃爷老婆穿搭图片没马赛克,2025search,私人家世与感情关系查询,372.0
国防部部长,2025search,公共职务现任者查询,371.0
习近平子女,2025search,私人家世与感情关系查询,370.0
毛宁个人简历及家世,2025search,私人家世与感情关系查询,367.0
李高副部长个人简历,2025search,人物档案调阅,365.0
天津市领导班子,2025search,群体名单枚举,364.0
高洪波书记,2025search,公共职务现任者查询,363.0
杭州市委书记,2025search,公共职务现任者查询,362.0
杨贵妃是谁的老婆,2025search,私人家世与感情关系查询,361.0
西藏自治区党委书记,2025search,公共职务现任者查询,361.0
甘肃省委书记,2025search,公共职务现任者查询,361.0
蔡和森的母亲简介,2025search,人物档案调阅,361.0
包头市长,2025search,公共职务现任者查询,360.0
黄晓明老婆,2025search,私人家世与感情关系查询,360.0
政治局委员名单,2025search,群体名单枚举,358.0
广西党委书记,2025search,公共职务现任者查询,357.0
全国政协主席,2025search,公共职务现任者查询,357.0
陈小江父亲省委组织部部长,2025search,公共职务现任者查询,356.0
罗嘉良老婆,2025search,私人家世与感情关系查询,355.0
陈小江的爷爷,2025search,私人家世与感情关系查询,353.0
重庆市长,2025search,公共职务现任者查询,349.0
高书记,2025search,垂类外非人物查询,346.0
总书记,2025search,垂类外非人物查询,344.0
荣昌区委原书记,2025search,公共职务现任者查询,343.0
临沂市市委书记,2025search,公共职务现任者查询,343.0
四川省公安厅厅长,2025search,公共职务现任者查询,342.0
重庆市市长,2025search,公共职务现任者查询,342.0
新任女秘书,2025search,人事任免事件查询,342.0
天津市市长,2025search,公共职务现任者查询,341.0
临海蔡建军最新任职,2025search,人事任免事件查询,339.0
中组部长与中统部长对调,2025search,人事任免事件查询,338.0
毛主席图片,2025search,人物肖像图片获取,338.0
包头市市长,2025search,公共职务现任者查询,338.0
泾县县委书记施怀中最新消息,2025search,人事任免事件查询,338.0
美女黑丝,2025search,性化类目浏览或非具体人物浏览,338.0
广西壮族自治区领导班子成员名单,2025search,群体名单枚举,336.0
毛主席像,2025search,裸名人物身份识别,335.0
蔡澜妻子,2025search,私人家世与感情关系查询,335.0
全裸导演,2025search,性化类目浏览或非具体人物浏览,332.0
省长,2025search,公共职务现任者查询,332.0
广西自治区书记,2025search,公共职务现任者查询,330.0
新疆自治区党委书记是谁,2025search,公共职务现任者查询,329.0
宋庆龄是谁的妻子的资料,2025search,私人家世与感情关系查询,328.0
中央政治委员有多少个,2025search,群体名单枚举,328.0
梅婷老公是谁,2025search,私人家世与感情关系查询,327.0
浙江省长,2025search,公共职务现任者查询,327.0
蔡澜老婆,2025search,私人家世与感情关系查询,327.0
中石化领导班子成员名单最新,2025search,群体名单枚举,326.0
马星瑞书记简历,2025search,人物档案调阅,326.0
中央书记处,2025search,垂类外非人物查询,326.0
李强总理,2025search,公共职务现任者查询,324.0
管乐老公是谁,2025search,私人家世与感情关系查询,323.0
陈小江同志任新疆维吾尔自治区党委委员、常委、书记。,2025search,人事任免事件查询,321.0
靳东老婆,2025search,私人家世与感情关系查询,321.0
鄱阳县委书记,2025search,公共职务现任者查询,321.0
新疆省委常委陈,2025search,人事任免事件查询,320.0
马兴瑞最新任职,2025search,人事任免事件查询,320.0
重庆市委领导班子一览表,2025search,群体名单枚举,318.0
广西历任主席,2025search,群体名单枚举,318.0
黄瑞雪最新任命,2025search,人事任免事件查询,317.0
水利部部长,2025search,公共职务现任者查询,317.0
广西壮族自治区书记,2025search,公共职务现任者查询,315.0
大胸女大学生,2025search,性化类目浏览或非具体人物浏览,314.0
长子县县委书记郭强,2025search,公共职务现任者查询,313.0
中国历代主席,2025search,群体名单枚举,312.0
临沂市领导班子,2025search,群体名单枚举,312.0
旗袍美女,2025search,性化类目浏览或非具体人物浏览,311.0
安徽省委书委书记,2025search,公共职务现任者查询,311.0
苏州市委新书记简历,2025search,人物档案调阅,311.0
中央军委主席,2025search,公共职务现任者查询,310.0
甘肃省公安厅厅长是谁,2025search,公共职务现任者查询,310.0
福建省公安厅领导班子成员名单最新,2025search,群体名单枚举,305.0
内蒙古自治区主席,2025search,公共职务现任者查询,304.0
宋佳个人简历及老公,2025search,私人家世与感情关系查询,304.0
省委副书记,2025search,公共职务现任者查询,303.0
浙江省省长,2025search,公共职务现任者查询,303.0
深圳市市长,2025search,公共职务现任者查询,303.0
广西壮族自治区党委书记,2025search,公共职务现任者查询,302.0
刘宇宁前妻,2025search,私人家世与感情关系查询,302.0
毛泽东妻子,2025search,私人家世与感情关系查询,302.0
陈小江的父亲,2025search,私人家世与感情关系查询,301.0
教育部部长,2025search,公共职务现任者查询,301.0
内蒙古自治区党委书记,2025search,公共职务现任者查询,301.0
广西陈刚省委书记是哪里人,2025search,人物单项属性查询,299.0
青岛市委书记,2025search,公共职务现任者查询,299.0
曾舜晞的家世什么来头,2025search,私人家世与感情关系查询,299.0
刘宇宁前妻 韩雨婷照片,2025search,人物肖像图片获取,298.0
新疆区委书记,2025search,公共职务现任者查询,297.0
王旭任天津市副市长,2025search,公共职务现任者查询,296.0
朔州市副市长黄勇,2025search,人事任免事件查询,295.0
太原市委常委班子成员名单,2025search,群体名单枚举,294.0
胡海峰会进省委常委吗,2025search,人物相关说法核实,294.0
新疆历届党委书记,2025search,群体名单枚举,294.0
人大常委会委员长,2025search,群体名单枚举,294.0
如东县委书记,2025search,公共职务现任者查询,293.0
天津副市长王旭,2025search,公共职务现任者查询,291.0
江苏省委常委班子排名,2025search,群体名单枚举,291.0
国务委员名单公布,2025search,群体名单枚举,289.0
新疆自治区书记陈小江简历,2025search,人事任免事件查询,288.0
新疆书记现任是谁,2025search,人事任免事件查询,288.0
黑龙江省委书记,2025search,公共职务现任者查询,287.0
临海市市长,2025search,公共职务现任者查询,287.0
陈小江爷爷,2025search,裸名人物身份识别,286.0
美女图片131,2025search,性化类目浏览或非具体人物浏览,286.0
蒋欣老公,2025search,私人家世与感情关系查询,286.0
全国政协领导班子,2025search,群体名单枚举,285.0
孙涛老婆,2025search,私人家世与感情关系查询,285.0
美女大胸,2025search,性化类目浏览或非具体人物浏览,285.0
贵州省委书记现任是谁,2025search,公共职务现任者查询,283.0
大同市委书记,2025search,公共职务现任者查询,283.0
天津市长,2025search,公共职务现任者查询,282.0
大乔和小乔的老公分别是谁,2025search,私人家世与感情关系查询,282.0
中国历任主席,2025search,群体名单枚举,280.0
河南省委书记是谁?,2025search,公共职务现任者查询,279.0
广东省委书记历任有哪些人,2025search,群体名单枚举,277.0
美女老师,2025search,性化类目浏览或非具体人物浏览,276.0
资溪县委书记,2025search,公共职务现任者查询,276.0
广西公安厅厅长 最新,2025search,人事任免事件查询,276.0
李乃文妻子照片,2025search,私人家世与感情关系查询,276.0
甘肃公安厅厅长,2025search,公共职务现任者查询,275.0
广东省委书记是副国级领导吗,2025search,公共职务现任者查询,275.0
大美女,2025search,性化类目浏览或非具体人物浏览,275.0
朱亚文老婆,2025search,私人家世与感情关系查询,275.0
中央社会工作部部长,2025search,公共职务现任者查询,275.0
新疆维吾尔自治区主席,2025search,公共职务现任者查询,273.0
诗颖大美女,2025search,裸名人物身份识别,273.0
孙权的老婆,2025search,私人家世与感情关系查询,271.0
南京市委副书记,2025search,公共职务现任者查询,271.0
历任上海市委书记,2025search,公共职务现任者查询,271.0
常州市委书记,2025search,公共职务现任者查询,271.0
习近平老婆,2025search,私人家世与感情关系查询,270.0
王波的老婆李红的家庭背景,2025search,私人家世与感情关系查询,270.0
美女玉足,2025search,性化类目浏览或非具体人物浏览,269.0
盘州市委书记,2025search,公共职务现任者查询,269.0
陈思诚老婆的名字,2025search,私人家世与感情关系查询,269.0
会昌县委书记是谁,2025search,公共职务现任者查询,268.0
呼和浩特市委书记,2025search,公共职务现任者查询,268.0
吉林省委书记,2025search,公共职务现任者查询,268.0
四川省省长,2025search,公共职务现任者查询,268.0
重庆市市委书记,2025search,公共职务现任者查询,267.0
性感美女诱惑,2025search,性化类目浏览或非具体人物浏览,267.0
现任新疆自治区委书记是谁,2025search,公共职务现任者查询,267.0
湖北省省长,2025search,公共职务现任者查询,266.0
泳衣美女,2025search,性化类目浏览或非具体人物浏览,266.0
毛毛还活着,2025search,人物单项属性查询,265.0
沈阳市委书记,2025search,公共职务现任者查询,265.0
江苏省委常委,2025search,群体名单枚举,265.0
新疆陈副书记,2025search,人事任免事件查询,264.0
辽宁省省长,2025search,公共职务现任者查询,264.0
中组部常务副部长,2025search,公共职务现任者查询,264.0
新疆书记陈兴国简历,2025search,人物档案调阅,263.0
市委书记,2025search,公共职务现任者查询,263.0
习近平总书记在河南考察时的重要讲话精神,2025search,人物近期事件状态查询,263.0
广西区委书记,2025search,公共职务现任者查询,263.0
陈小江同志任新疆维吾尔自治区党委委员、常委、书记,2025search,公共职务现任者查询,262.0
新加坡总理,2025search,公共职务现任者查询,262.0
辽宁省长,2025search,公共职务现任者查询,261.0
宋佳老公王伟,2025search,私人家世与感情关系查询,260.0
长子县党委书记,2025search,公共职务现任者查询,260.0
王浩浙江省委简历介绍,2025search,人物档案调阅,258.0
广西省委常委,2025search,群体名单枚举,258.0
雅安市委书记,2025search,公共职务现任者查询,258.0
长沙市市长,2025search,公共职务现任者查询,258.0
张核子简介及家世,2025search,私人家世与感情关系查询,257.0
青海省委书记,2025search,公共职务现任者查询,256.0
中组部长,2025search,公共职务现任者查询,256.0
陈小江任新疆党委书记简历,2025search,人事任免事件查询,255.0
山西省副省长,2025search,公共职务现任者查询,255.0
广西领导班子公示最新,2025search,群体名单枚举,253.0
中央纪委副书记,2025search,公共职务现任者查询,253.0
美女性感图片,2025search,性化类目浏览或非具体人物浏览,253.0
习总书记,2025search,垂类外非人物查询,253.0
山东省省长,2025search,公共职务现任者查询,252.0
内蒙古主席,2025search,公共职务现任者查询,251.0
中央组织部长叫什么,2025search,公共职务现任者查询,250.0
新疆党委书记历任名单,2025search,群体名单枚举,250.0
包头市委原书记,2025search,公共职务现任者查询,250.0
杨幂写真,2025search,性化类目浏览或非具体人物浏览,250.0
网图美女,2025search,性化类目浏览或非具体人物浏览,249.0
北京市市委书记,2025search,公共职务现任者查询,249.0
新疆领导班子陈伟俊,2025search,群体名单枚举,248.0
昆明市长,2025search,公共职务现任者查询,248.0
南京市领导班子,2025search,群体名单枚举,248.0
广西壮族自治区政府党组书记,2025search,公共职务现任者查询,248.0
性感的老师,2025search,性化类目浏览或非具体人物浏览,247.0
董卿老公,2025search,私人家世与感情关系查询,247.0
中国共产党主席,2025search,公共职务现任者查询,247.0
网红黑料,2025search,垂类外非人物查询,247.0
美女性感,2025search,性化类目浏览或非具体人物浏览,246.0
毛主席遗体,2025search,人物近期事件状态查询,246.0
南京市委常委,2025search,公共职务现任者查询,244.0
淄博市委马晓磊,2025search,人事任免事件查询,244.0
扒哥黑料,2025search,垂类外非人物查询,243.0
新疆建设兵团领导班子公示,2025search,群体名单枚举,243.0
侃爷妻子穿搭图片高清,2025search,私人家世与感情关系查询,243.0
会昌县委书记曾平,2025search,人事任免事件查询,242.0
历任新疆自治区党委书记,2025search,群体名单枚举,241.0
性感图片,2025search,性化类目浏览或非具体人物浏览,241.0
新疆新书记,2025search,人事任免事件查询,239.0
中央政治局委员有多少人,2025search,群体名单枚举,239.0
内蒙古自治区党委常委,2025search,群体名单枚举,238.0
书记是什么职位,2025search,公共职务现任者查询,237.0
新疆新任书记陈小江简历,2025search,人事任免事件查询,237.0
江苏省委书记是谁呀?,2025search,公共职务现任者查询,237.0
公安部长王小洪那里人,2025search,垂类外非人物查询,236.0
纪委书记,2025search,公共职务现任者查询,236.0
汪峰老婆,2025search,私人家世与感情关系查询,235.0
广西党委领导班子,2025search,群体名单枚举,235.0
上海市市委领导班子名单最新,2025search,群体名单枚举,234.0
宁波市委书记,2025search,公共职务现任者查询,234.0
新疆省长,2025search,公共职务现任者查询,234.0
马兴瑞父亲,2025search,私人家世与感情关系查询,234.0
马伯庸个人资料简介及家世,2025search,私人家世与感情关系查询,233.0
董文华去世了吗,2025search,人物相关说法核实,233.0
书记,2025search,垂类外非人物查询,233.0
任重老婆,2025search,垂类外非人物查询,233.0
中组部副部长,2025search,公共职务现任者查询,233.0
党组书记,2025search,公共职务现任者查询,232.0
柳州市委书记,2025search,公共职务现任者查询,230.0
陈冠希艳照门,2025search,黑料绯闻炒作查询,230.0
新疆自治区的党委书记,2025search,公共职务现任者查询,230.0
河北省委常委,2025search,公共职务现任者查询,230.0
中共中央总书记,2025search,公共职务现任者查询,230.0
泰国历任总理,2025search,公共职务现任者查询,230.0
新疆自治区人民政府领导班子名单,2025search,群体名单枚举,230.0
重庆书记,2025search,公共职务现任者查询,229.0
陈赫老婆,2025search,私人家世与感情关系查询,229.0
广东书记,2025search,公共职务现任者查询,229.0
辽宁省委书记是谁?,2025search,公共职务现任者查询,229.0
大同市长,2025search,公共职务现任者查询,228.0
全南县委书记简历,2025search,人物档案调阅,228.0
政府党组书记,2025search,公共职务现任者查询,225.0
长子县县委在任书记,2025search,公共职务现任者查询,225.0
中组部部长现任副部长,2025search,公共职务现任者查询,225.0
太原市市委常委书记,2025search,公共职务现任者查询,225.0
中国四大美女,2025search,群体名单枚举,225.0
重庆高洪波书记个人简历,2025search,人物档案调阅,224.0
闫妮的老公,2025search,私人家世与感情关系查询,224.0
主席令,2025search,裸名人物身份识别,224.0
嬴政的父亲到底是谁?,2025search,私人家世与感情关系查询,224.0
中央财经委员会领导名单,2025search,群体名单枚举,223.0
马兴瑞任新疆党委书记,2025search,人事任免事件查询,223.0
区委书记的一天,2025search,垂类外非人物查询,223.0
中华人民共和国主席,2025search,公共职务现任者查询,223.0
西藏自治区主席,2025search,公共职务现任者查询,222.0
老婆老婆老婆,2025search,垂类外非人物查询,221.0
河南省省长,2025search,公共职务现任者查询,221.0
成都市委书记,2025search,公共职务现任者查询,221.0
西藏党委书记,2025search,公共职务现任者查询,220.0
刘强东的老婆叫啥,2025search,私人家世与感情关系查询,220.0
新疆自治区党委新书记,2025search,人事任免事件查询,220.0
王青个人资料简介及家世,2025search,私人家世与感情关系查询,219.0
那尔那茜的父亲,2025search,私人家世与感情关系查询,219.0
张纪中现任老婆多大年龄,2025search,私人家世与感情关系查询,219.0
河南省委常委班子成员名单,2025search,群体名单枚举,219.0
赵薇死了吗,2025search,人物相关说法核实,219.0
陈赫的老婆叫什么名字,2025search,私人家世与感情关系查询,218.0
陈小江书记简历,2025search,人物档案调阅,218.0
合肥市委书记,2025search,公共职务现任者查询,217.0
乾隆的母亲到底是谁,2025search,人物相关说法核实,217.0
南京市长陈之常,2025search,公共职务现任者查询,217.0
佩通坦老公和国王什么关系,2025search,私人家世与感情关系查询,216.0
中华人民共和国副主席,2025search,公共职务现任者查询,216.0
于明加的老公是谁,2025search,私人家世与感情关系查询,216.0
李小平任鄱阳县委书记,2025search,人事任免事件查询,216.0
海南省委书记,2025search,公共职务现任者查询,215.0
河南省纪委书记,2025search,公共职务现任者查询,215.0
二十届政治局委员,2025search,群体名单枚举,215.0
陈小江个人资料简介及家世,2025search,私人家世与感情关系查询,212.0
文章现任老婆,2025search,私人家世与感情关系查询,211.0
秦始皇的父亲,2025search,私人家世与感情关系查询,211.0
何炅老婆到底是谁,2025search,私人家世与感情关系查询,211.0
山西省省委领导班子,2025search,群体名单枚举,211.0
习近平的父亲,2025search,私人家世与感情关系查询,211.0
郭富城老婆方媛,2025search,私人家世与感情关系查询,211.0
江苏省省委书记,2025search,公共职务现任者查询,211.0
盘州市现任书记,2025search,公共职务现任者查询,210.0
德国总理,2025search,公共职务现任者查询,210.0
四大美女是哪四个?,2025search,垂类外非人物查询,209.0
二十届中央委员,2025search,群体名单枚举,209.0
广东省书记,2025search,公共职务现任者查询,208.0
陈小江父亲和爷爷是谁啊,2025search,私人家世与感情关系查询,208.0
政协委员,2025search,群体名单枚举,208.0
李嘉格老公,2025search,私人家世与感情关系查询,208.0
新疆自治区党委书记调整,2025search,人事任免事件查询,208.0
靳东老婆个人简介,2025search,私人家世与感情关系查询,208.0
美女,2026search,性化类目浏览或非具体人物浏览,22620.0
中央政治局常委,2026search,群体名单枚举,11199.0
美女图片,2026search,性化类目浏览或非具体人物浏览,9476.0
民政部领导班子,2026search,群体名单枚举,8434.0
国家副主席,2026search,公共职务现任者查询,7352.0
中央政治局委员,2026search,群体名单枚举,5814.0
民政部部长,2026search,公共职务现任者查询,5514.0
习近平总书记,2026search,垂类外非人物查询,3767.0
性感美女,2026search,性化类目浏览或非具体人物浏览,3369.0
中华全国总工会党组书记,2026search,公共职务现任者查询,3301.0
毛主席,2026search,裸名人物身份识别,3077.0
大胸美女,2026search,性化类目浏览或非具体人物浏览,2734.0
李强总理,2026search,公共职务现任者查询,2714.0
国家主席,2026search,公共职务现任者查询,2540.0
政治局委员,2026search,群体名单枚举,2458.0
中央政治常务委员成员,2026search,群体名单枚举,2157.0
中组部部长,2026search,公共职务现任者查询,2129.0
金部长,2026search,裸名人物身份识别,2109.0
全国总工会领导班子成员排序,2026search,群体名单枚举,2074.0
北京市委书记,2026search,公共职务现任者查询,2047.0
于朦胧个人资料简介及家世,2026search,私人家世与感情关系查询,2027.0
军委副主席,2026search,公共职务现任者查询,1842.0
中共中央政治局常委,2026search,群体名单枚举,1823.0
上海市委书记,2026search,公共职务现任者查询,1809.0
梓渝个人资料简介及家世,2026search,私人家世与感情关系查询,1699.0
陈云书记简历,2026search,人物档案调阅,1667.0
全国总工会党组书记,2026search,公共职务现任者查询,1655.0
民政部党组书记,2026search,公共职务现任者查询,1601.0
外交部长,2026search,垂类外非人物查询,1578.0
民政部长,2026search,公共职务现任者查询,1577.0
全国总工会主席,2026search,公共职务现任者查询,1535.0
田栩宁个人资料简介及家世,2026search,人物档案调阅,1524.0
上海市市委领导书记,2026search,公共职务现任者查询,1419.0
国务院总理,2026search,公共职务现任者查询,1401.0
习主席,2026search,裸名人物身份识别,1358.0
黑丝美女,2026search,性化类目浏览或非具体人物浏览,1346.0
历任国家主席,2026search,群体名单枚举,1341.0
中央军事委员会成员最新名单,2026search,群体名单枚举,1307.0
中华全国总工会主席,2026search,公共职务现任者查询,1292.0
金部长:本色回归,2026search,垂类外非人物查询,1252.0
中央组织部部长,2026search,公共职务现任者查询,1234.0
湖北省委书记,2026search,公共职务现任者查询,1154.0
美女照片,2026search,性化类目浏览或非具体人物浏览,1151.0
国务院副总理,2026search,公共职务现任者查询,1147.0
外交部部长,2026search,公共职务现任者查询,1144.0
中国历届领导班子一览表,2026search,群体名单枚举,1126.0
中央军委副主席,2026search,公共职务现任者查询,1102.0
习近平总书记七一讲话,2026search,作品本体获取,1096.0
中央的领导班子都有哪些人,2026search,群体名单枚举,1067.0
美女阿姨妈妈,2026search,性化类目浏览或非具体人物浏览,1063.0
副主席,2026search,公共职务现任者查询,1046.0
国务院副秘书长,2026search,公共职务现任者查询,1023.0
习近平总书记身高,2026search,人物单项属性查询,1006.0
刘宇宁个人资料简介及家世,2026search,私人家世与感情关系查询,959.0
国务院秘书长,2026search,公共职务现任者查询,953.0
习近平主席,2026search,裸名人物身份识别,949.0
浙江省委书记,2026search,公共职务现任者查询,942.0
中央政治委员有多少个,2026search,群体名单枚举,942.0
比基尼美女,2026search,性化类目浏览或非具体人物浏览,930.0
总理,2026search,垂类外非人物查询,915.0
吃瓜黑料,2026search,裸名人物身份识别,913.0
习主席身高,2026search,人物单项属性查询,904.0
帅哥,2026search,性化类目浏览或非具体人物浏览,893.0
总书记七一讲话,2026search,垂类外非人物查询,886.0
习近平子女,2026search,私人家世与感情关系查询,885.0
总工会党组书记,2026search,公共职务现任者查询,863.0
"""吃亏书记""李连成获颁七一勋章",2026search,裸名人物身份识别,853.0
中国主席,2026search,公共职务现任者查询,849.0
鞠婧祎个人资料简介及家世,2026search,私人家世与感情关系查询,848.0
韩国美女,2026search,性化类目浏览或非具体人物浏览,841.0
中央政法委书记,2026search,公共职务现任者查询,831.0
李宇春个人资料简介及家世,2026search,私人家世与感情关系查询,827.0
王橹杰个人资料简介及家世,2026search,私人家世与感情关系查询,825.0
习主席七一讲话,2026search,垂类外非人物查询,819.0
习总书记七一讲话,2026search,垂类外非人物查询,815.0
国防部长,2026search,公共职务现任者查询,809.0
中央书记处书记,2026search,公共职务现任者查询,794.0
二十届中央政治局委员,2026search,群体名单枚举,788.0
中央政治局常委名单,2026search,群体名单枚举,758.0
美女写真,2026search,性化类目浏览或非具体人物浏览,755.0
上海市委现任书记,2026search,公共职务现任者查询,754.0
赵乐委员长个人简价,2026search,人物档案调阅,749.0
美女比基尼,2026search,性化类目浏览或非具体人物浏览,747.0
国务院总理李强,2026search,人事任免事件查询,730.0
中央书记处7位书记排名,2026search,群体名单枚举,728.0
国资委领导班子成员介绍简历,2026search,人物档案调阅,726.0
重庆市委书记,2026search,公共职务现任者查询,720.0
中央政治局委员名单,2026search,群体名单枚举,714.0
中央委员,2026search,群体名单枚举,705.0
胸大的姑娘,2026search,性化类目浏览或非具体人物浏览,703.0
中共中央政治局委员,2026search,群体名单枚举,673.0
广东省委书记现任是谁,2026search,公共职务现任者查询,668.0
重庆市市长,2026search,公共职务现任者查询,649.0
俄罗斯前国防部长伊万诺夫,2026search,公共职务现任者查询,641.0
公安部部长,2026search,公共职务现任者查询,629.0
国务院国资委主任,2026search,公共职务现任者查询,622.0
习总书记,2026search,垂类外非人物查询,616.0
习近平母亲,2026search,私人家世与感情关系查询,602.0
俄罗斯国防部长,2026search,公共职务现任者查询,597.0
中国国家主席,2026search,公共职务现任者查询,596.0
国务委员,2026search,垂类外非人物查询,595.0
何健麒个人资料简介及家世,2026search,私人家世与感情关系查询,594.0
国家副主席是谁,2026search,公共职务现任者查询,585.0
国家总理,2026search,公共职务现任者查询,582.0
习近平总书记简历,2026search,人物档案调阅,581.0
国资委党委书记,2026search,公共职务现任者查询,580.0
习近平前妻,2026search,私人家世与感情关系查询,573.0
重庆市委现任书记是谁,2026search,公共职务现任者查询,571.0
中纪委书记,2026search,公共职务现任者查询,570.0
李强总理简历,2026search,人物档案调阅,569.0
中华总工会党组书记,2026search,公共职务现任者查询,566.0
美女图片秀,2026search,性化类目浏览或非具体人物浏览,565.0
性感美女图片,2026search,性化类目浏览或非具体人物浏览,564.0
帅哥图片大全,2026search,性化类目浏览或非具体人物浏览,554.0
任素汐出轨,2026search,裸名人物身份识别,554.0
中央常委委员9人名单,2026search,群体名单枚举,554.0
美女姐姐,2026search,性化类目浏览或非具体人物浏览,551.0
中央纪委书记,2026search,公共职务现任者查询,550.0
中华人民共和国副主席,2026search,公共职务现任者查询,549.0
日本美女,2026search,性化类目浏览或非具体人物浏览,547.0
美女131,2026search,性化类目浏览或非具体人物浏览,546.0
陈独秀子孙后代,2026search,群体名单枚举,538.0
习总书记身高,2026search,人物单项属性查询,537.0
重庆市长,2026search,公共职务现任者查询,537.0
中宣部部长,2026search,公共职务现任者查询,533.0
全裸导演,2026search,性化类目浏览或非具体人物浏览,533.0
总理李强,2026search,裸名人物身份识别,533.0
历届国家主席,2026search,群体名单枚举,530.0
泳装美女,2026search,性化类目浏览或非具体人物浏览,524.0
动漫美女,2026search,性化类目浏览或非具体人物浏览,520.0
赵雅芝个人资料简介及家世,2026search,私人家世与感情关系查询,520.0
南昌市委书记,2026search,公共职务现任者查询,519.0
习近平主席身高,2026search,人物单项属性查询,518.0
主席,2026search,裸名人物身份识别,511.0
全国政协副主席,2026search,公共职务现任者查询,510.0
白丝美女,2026search,性化类目浏览或非具体人物浏览,505.0
中华总工会书记,2026search,公共职务现任者查询,500.0
中国中央常务委员会成员,2026search,群体名单枚举,494.0
成毅个人资料简介及家世,2026search,私人家世与感情关系查询,488.0
总书记,2026search,垂类外非人物查询,487.0
民政部长是谁,2026search,公共职务现任者查询,481.0
习近平总书记年龄,2026search,人物单项属性查询,480.0
四川省委书记,2026search,公共职务现任者查询,472.0
全国人大常委会委员长,2026search,群体名单枚举,470.0
李克强总理,2026search,公共职务现任者查询,467.0
四大美女有哪四位,2026search,群体名单枚举,465.0
张柏芝艳照门,2026search,私人家世与感情关系查询,460.0
中国副主席,2026search,公共职务现任者查询,460.0
二十届中央政治局常委,2026search,群体名单枚举,456.0
俄罗斯前国防部长,2026search,公共职务现任者查询,451.0
江苏省委书记,2026search,公共职务现任者查询,448.0
美女图片131,2026search,性化类目浏览或非具体人物浏览,448.0
张函瑞个人资料简介及家世,2026search,私人家世与感情关系查询,448.0
青岛市委书记,2026search,公共职务现任者查询,446.0
广东省委书记,2026search,公共职务现任者查询,441.0
大胸女大学生,2026search,性化类目浏览或非具体人物浏览,439.0
衡水市委领导班子名单最新,2026search,群体名单枚举,437.0
陆昊部长简历,2026search,人物档案调阅,436.0
全国政协领导班子,2026search,群体名单枚举,436.0
田栩宁个人资料简介及家世资料,2026search,人物档案调阅,435.0
杨博文个人资料简介及家世,2026search,私人家世与感情关系查询,435.0
美女套图,2026search,性化类目浏览或非具体人物浏览,434.0
新疆自治区党委书记,2026search,公共职务现任者查询,433.0
国资委书记,2026search,公共职务现任者查询,432.0
窦骁个人资料简介及家世,2026search,私人家世与感情关系查询,430.0
老婆老婆老婆,2026search,垂类外非人物查询,426.0
南昌市委现任书记,2026search,公共职务现任者查询,416.0
自然资源部部长,2026search,公共职务现任者查询,416.0
辽宁省委书记,2026search,公共职务现任者查询,413.0
杨幂比基尼惊艳图片,2026search,人物肖像图片获取,407.0
全国政协主席,2026search,公共职务现任者查询,406.0
中华全国总工会历任党组书记,2026search,群体名单枚举,404.0
中共中央总书记,2026search,公共职务现任者查询,403.0
美女图,2026search,性化类目浏览或非具体人物浏览,403.0
民政部历任部长,2026search,群体名单枚举,403.0
女儿当爸爸老婆,2026search,私人家世与感情关系查询,401.0
北京市市长,2026search,公共职务现任者查询,401.0
公安部领导班子名单,2026search,群体名单枚举,400.0
深圳市委书记,2026search,公共职务现任者查询,399.0
俄罗斯国防部长伊万诺夫,2026search,公共职务现任者查询,396.0
历任中华全国总工会党组书记,2026search,群体名单枚举,391.0
习近平父亲,2026search,私人家世与感情关系查询,390.0
新任女秘书,2026search,人事任免事件查询,388.0
开江县县委书记,2026search,公共职务现任者查询,388.0
习主席年龄,2026search,人物单项属性查询,387.0
贵州省委书记,2026search,公共职务现任者查询,386.0
中央书记处,2026search,垂类外非人物查询,380.0
国际足联主席,2026search,公共职务现任者查询,376.0
海来阿木老婆,2026search,私人家世与感情关系查询,375.0
外交部历任部长,2026search,群体名单枚举,371.0
中华人民共和国主席,2026search,公共职务现任者查询,370.0
中华全国总工会书记,2026search,公共职务现任者查询,370.0
陕西省委书记,2026search,公共职务现任者查询,370.0
习主席讲话,2026search,垂类外非人物查询,367.0
毛远新谁的后代,2026search,人物单项属性查询,365.0
现任国家副主席,2026search,公共职务现任者查询,363.0
陈冠希艳照门,2026search,黑料绯闻炒作查询,363.0
江西省委书记,2026search,公共职务现任者查询,363.0
二次元美女,2026search,性化类目浏览或非具体人物浏览,362.0
衡水市长,2026search,公共职务现任者查询,362.0
中国国家副主席,2026search,公共职务现任者查询,360.0
民政部书记,2026search,公共职务现任者查询,357.0
董卿母亲的照片,2026search,人物肖像图片获取,355.0
胡锦涛主席,2026search,公共职务现任者查询,354.0
四大美女,2026search,群体名单枚举,354.0
中国历任国家主席,2026search,群体名单枚举,353.0
现任中央纪检委书记叫什么名字,2026search,公共职务现任者查询,352.0
卢卡申科子女,2026search,私人家世与感情关系查询,345.0
中国领导班子介绍,2026search,群体名单枚举,342.0
现任军委副主席,2026search,公共职务现任者查询,341.0
中组部部长现任部长,2026search,公共职务现任者查询,341.0
中国历代主席,2026search,群体名单枚举,339.0
青岛市委书委书记,2026search,公共职务现任者查询,336.0
傅首尔晒泳装照,2026search,垂类外非人物查询,334.0
山东省委书记,2026search,公共职务现任者查询,334.0
全国总工会书记,2026search,公共职务现任者查询,332.0
全国总工会党组书记徐留平,2026search,人事任免事件查询,332.0
北京市长,2026search,公共职务现任者查询,332.0
天津市委书记,2026search,公共职务现任者查询,332.0
丝袜美女,2026search,性化类目浏览或非具体人物浏览,331.0
俄罗斯美女,2026search,性化类目浏览或非具体人物浏览,329.0
习近平总书记讲话,2026search,作品本体获取,328.0
蒋欣老公,2026search,私人家世与感情关系查询,326.0
七大常务委员会名单,2026search,群体名单枚举,325.0
帅哥照片,2026search,性化类目浏览或非具体人物浏览,324.0
陈浚铭个人资料简介及家世,2026search,人物档案调阅,323.0
毛主席语录,2026search,裸名人物身份识别,321.0
檀健次个人资料简介及家世,2026search,私人家世与感情关系查询,320.0
国家副主席韩正,2026search,公共职务现任者查询,320.0
民政部副部长,2026search,公共职务现任者查询,320.0
崔万志个人资料简介及家世,2026search,人物档案调阅,319.0
欧美美女,2026search,性化类目浏览或非具体人物浏览,317.0
任素汐老公,2026search,私人家世与感情关系查询,317.0
河北师范大学党委书记,2026search,公共职务现任者查询,316.0
性感美女诱惑,2026search,性化类目浏览或非具体人物浏览,315.0
王佳佳老公,2026search,私人家世与感情关系查询,314.0
肖战个人资料简介及家世,2026search,私人家世与感情关系查询,312.0
吃亏书记李连成获颁七一勋章,2026search,群体名单枚举,311.0
妻子7,2026search,私人家世与感情关系查询,310.0
总书记讲话,2026search,垂类外非人物查询,310.0
天津市委 书记,2026search,公共职务现任者查询,308.0
山西省委书记,2026search,公共职务现任者查询,306.0
江泽民去世了吗,2026search,人物单项属性查询,304.0
政法委书记,2026search,公共职务现任者查询,303.0
湖南省委书记,2026search,公共职务现任者查询,303.0
衡水市市长,2026search,公共职务现任者查询,302.0
福建省委书记,2026search,公共职务现任者查询,302.0
中国历任主席,2026search,群体名单枚举,301.0
131美女,2026search,性化类目浏览或非具体人物浏览,300.0
历任全国总工会党组书记,2026search,公共职务现任者查询,297.0
周总理,2026search,垂类外非人物查询,297.0
合肥市委书记,2026search,公共职务现任者查询,297.0
深圳市委新任书记,2026search,公共职务现任者查询,296.0
全国总工会历任党组书记,2026search,群体名单枚举,296.0
常州市委书记,2026search,公共职务现任者查询,294.0
习总书记年龄,2026search,人物单项属性查询,292.0
国务院总理李强简历,2026search,人物档案调阅,291.0
小巷总理,2026search,人物相关梗与说法解释,290.0
丝袜美腿,2026search,性化类目浏览或非具体人物浏览,288.0
军委主席,2026search,公共职务现任者查询,286.0
美女写真库,2026search,性化类目浏览或非具体人物浏览,286.0
云南省委书记,2026search,公共职务现任者查询,283.0
中央军事委领导班子,2026search,群体名单枚举,282.0
中央委员会委员名单一览表最新,2026search,群体名单枚举,281.0
中央领导班子,2026search,群体名单枚举,278.0
陈奕恒个人资料简介及家世,2026search,私人家世与感情关系查询,276.0
中国现任总理是谁,2026search,公共职务现任者查询,275.0
政协主席,2026search,公共职务现任者查询,275.0
全总领导班子,2026search,群体名单枚举,273.0
党晓龙最新调任公告,2026search,人事任免事件查询,270.0
宜兴市委现任书记,2026search,公共职务现任者查询,268.0
刘涛惊艳写真大片高级感照片,2026search,人物肖像图片获取,268.0
上海市市长,2026search,公共职务现任者查询,268.0
总工会主席,2026search,公共职务现任者查询,268.0
现任中央政治局委员,2026search,群体名单枚举,267.0
安徽省委书记,2026search,公共职务现任者查询,267.0
国家常务委员9人简历,2026search,群体名单枚举,264.0
第十二届中央委员会,2026search,群体名单枚举,263.0
商务部部长,2026search,公共职务现任者查询,263.0
李凡妮个人资料简介及家世,2026search,私人家世与感情关系查询,262.0
泳装少女,2026search,性化类目浏览或非具体人物浏览,262.0
上海市长,2026search,公共职务现任者查询,262.0
上海市委现任书记是谁,2026search,公共职务现任者查询,262.0
江泽民主席,2026search,公共职务现任者查询,261.0
河北省委书记,2026search,公共职务现任者查询,260.0
陈昊宇个人资料简介及家世,2026search,私人家世与感情关系查询,260.0
湖北省委书记历任名单,2026search,群体名单枚举,260.0
迷人美女,2026search,性化类目浏览或非具体人物浏览,259.0
中华总工会主席,2026search,公共职务现任者查询,257.0
美女大胸,2026search,性化类目浏览或非具体人物浏览,257.0
习近平的子女,2026search,私人家世与感情关系查询,256.0
蔡奇父亲,2026search,私人家世与感情关系查询,256.0
中央统战部部长,2026search,公共职务现任者查询,255.0
姚冠宇个人资料简介及家世,2026search,私人家世与感情关系查询,253.0
常州市委现任书记,2026search,公共职务现任者查询,253.0
美女和帅哥,2026search,性化类目浏览或非具体人物浏览,252.0
统战部部长,2026search,公共职务现任者查询,252.0
中央军委委员,2026search,群体名单枚举,250.0
迟重瑞和老婆年龄,2026search,私人家世与感情关系查询,247.0
国家主席任期,2026search,公共职务现任者查询,247.0
民政部领导班子成员名单,2026search,群体名单枚举,246.0
美女玉足,2026search,性化类目浏览或非具体人物浏览,245.0
赵乐冀委员长个人简历介绍图片,2026search,人物肖像图片获取,244.0
中华全国总工会历任书记,2026search,群体名单枚举,243.0
副总理,2026search,公共职务现任者查询,243.0
李强总理简介,2026search,人物档案调阅,242.0
南昌市市长,2026search,公共职务现任者查询,242.0
国家领导班子,2026search,群体名单枚举,240.0
二十届政治局委员,2026search,群体名单枚举,239.0
无颜美女,2026search,性化类目浏览或非具体人物浏览,239.0
美女黑丝,2026search,性化类目浏览或非具体人物浏览,238.0
自然资源部现任部长,2026search,公共职务现任者查询,235.0
叶童个人资料简介及家世,2026search,私人家世与感情关系查询,234.0
现任中央军事委领导班子成员名单简介,2026search,群体名单枚举,233.0
网红黑料,2026search,垂类外非人物查询,233.0
政治局委员名单,2026search,群体名单枚举,231.0
毛主席照片,2026search,人物肖像图片获取,230.0
习主席多高,2026search,人物单项属性查询,230.0
习总书记讲话,2026search,垂类外非人物查询,230.0
杨紫个人资料简介及家世,2026search,私人家世与感情关系查询,230.0
漂亮老婆,2026search,性化类目浏览或非具体人物浏览,230.0
省委常委,2026search,公共职务现任者查询,229.0
中组部领导班子成员名单简历表,2026search,群体名单枚举,229.0
毛主席生日,2026search,人物单项属性查询,226.0
重庆市委领导班子一览表,2026search,群体名单枚举,226.0
贵州省省委书记,2026search,公共职务现任者查询,226.0
毛主席图片,2026search,人物肖像图片获取,225.0
秦皇岛市长,2026search,公共职务现任者查询,225.0
丁禹兮个人资料简介及家世,2026search,私人家世与感情关系查询,225.0
张桂源个人资料简介及家世,2026search,私人家世与感情关系查询,224.0
侃爷妻子穿搭图片高清,2026search,私人家世与感情关系查询,223.0
公安部长,2026search,公共职务现任者查询,222.0
做焦裕禄式的县委书记,2026search,公共职务现任者查询,222.0
现任中央政治局常委,2026search,群体名单枚举,222.0
习近平总书记简介,2026search,人物档案调阅,221.0
现任副总理有哪几个,2026search,群体名单枚举,219.0
习主席简历,2026search,人物档案调阅,218.0
王志文的老婆是何人,2026search,私人家世与感情关系查询,217.0
董卿母亲,2026search,裸名人物身份识别,216.0
重庆市委常委,2026search,公共职务现任者查询,216.0
洪湖市新任书记,2026search,公共职务现任者查询,216.0
帅哥图片,2026search,性化类目浏览或非具体人物浏览,215.0
于和伟的老婆叫什么名字?,2026search,私人家世与感情关系查询,214.0
北京市市委书记,2026search,公共职务现任者查询,214.0
甘肃省委常委领导班子,2026search,群体名单枚举,214.0
上海市市委书记,2026search,公共职务现任者查询,214.0
中国总理,2026search,公共职务现任者查询,214.0
金靖老公,2026search,私人家世与感情关系查询,212.0
papi酱老公,2026search,私人家世与感情关系查询,212.0
教育部部长,2026search,公共职务现任者查询,212.0
美女100%,2026search,性化类目浏览或非具体人物浏览,210.0
毛泽东妻子,2026search,私人家世与感情关系查询,210.0
宜兴市委书记,2026search,公共职务现任者查询,210.0
于和伟老婆哪里人,2026search,私人家世与感情关系查询,210.0
江西省委常委领导名单,2026search,群体名单枚举,208.0
大美女,2026search,性化类目浏览或非具体人物浏览,207.0
任重老婆个人简历,2026search,人物档案调阅,207.0
中央宣传部部长,2026search,公共职务现任者查询,206.0
销魂美女,2026search,性化类目浏览或非具体人物浏览,206.0
中国历届主席,2026search,群体名单枚举,206.0
林吓清最新任职公告,2026search,人物档案调阅,206.0
俄国防部长伊万诺夫,2026search,公共职务现任者查询,204.0
衡水市委现任书记,2026search,公共职务现任者查询,204.0
俄罗斯国防部现任部长,2026search,公共职务现任者查询,203.0
胡海峰书记简历,2026search,人物档案调阅,203.0
张一山家世身份,2026search,私人家世与感情关系查询,203.0
甘肃省委书记,2026search,公共职务现任者查询,202.0
南昌市长,2026search,公共职务现任者查询,201.0
江苏省委常委领导班子名单,2026search,群体名单枚举,201.0
任嘉伦个人资料简介及家世,2026search,私人家世与感情关系查询,200.0
高圆圆老公,2026search,私人家世与感情关系查询,199.0
中国共产党主席,2026search,公共职务现任者查询,198.0
潞城区委书记,2026search,公共职务现任者查询,198.0
李小冉惊艳写真照片,2026search,人物肖像图片获取,197.0
习近平有几个子女,2026search,私人家世与感情关系查询,196.0
刘萧旭个人资料简介及家世,2026search,私人家世与感情关系查询,196.0
习近平的父亲,2026search,私人家世与感情关系查询,195.0
国资委书记最新任命,2026search,公共职务现任者查询,195.0
刘嘉玲惊艳写真图片,2026search,人物肖像图片获取,195.0
中国共产党历任总书记,2026search,群体名单枚举,194.0
黑料爆料,2026search,垂类外非人物查询,194.0
梓渝个人资料简介及家世介绍,2026search,人物档案调阅,193.0
公安部部长助理,2026search,公共职务现任者查询,193.0
盐城市委书记,2026search,公共职务现任者查询,193.0
江西省委常委,2026search,群体名单枚举,193.0
八重神子被丘丘人繁殖后代,2026search,作品本体获取,193.0
习近平主席年龄,2026search,人物单项属性查询,193.0
性感图片,2026search,性化类目浏览或非具体人物浏览,193.0
黑龙江省委书记,2026search,公共职务现任者查询,192.0
河南省委常委班子成员名单,2026search,群体名单枚举,192.0
全国人大常委会副委员长,2026search,群体名单枚举,192.0
习近平总书记多高,2026search,人物单项属性查询,192.0
中纪检委副书记排名,2026search,群体名单枚举,191.0
美女老师,2026search,性化类目浏览或非具体人物浏览,191.0
人大委员长是谁现任的,2026search,群体名单枚举,191.0
全总党组书记,2026search,公共职务现任者查询,191.0
中国历届国家主席,2026search,群体名单枚举,190.0
广东省省长,2026search,公共职务现任者查询,190.0
王付瑜成都市委,2026search,公共职务现任者查询,190.0
旗袍美女,2026search,性化类目浏览或非具体人物浏览,189.0
衡水市委书记,2026search,公共职务现任者查询,189.0
鹿晗的家世资料,2026search,私人家世与感情关系查询,188.0
习近平老婆,2026search,私人家世与感情关系查询,188.0
贵州省委常委领导班子,2026search,群体名单枚举,188.0
美女性感,2026search,性化类目浏览或非具体人物浏览,187.0
小芳与父亲,2026search,私人家世与感情关系查询,187.0
胸大美女,2026search,性化类目浏览或非具体人物浏览,187.0
全国妇联主席,2026search,公共职务现任者查询,186.0
张作霖的子女一览表,2026search,私人家世与感情关系查询,186.0
国民党主席,2026search,公共职务现任者查询,186.0
北京市市委领导班子名单,2026search,群体名单枚举,185.0
钟汉良个人资料简介及家世,2026search,私人家世与感情关系查询,182.0
胡锦涛去世了吗,2026search,人物近期事件状态查询,181.0
毛主席身高,2026search,人物单项属性查询,181.0
伊万诺夫死因,2026search,人物近期事件状态查询,181.0
中央政治局常委分工,2026search,群体名单枚举,180.0
习近平第一任妻子,2026search,私人家世与感情关系查询,180.0
1:1低饱和纯黑纯色背景4K超清，明星唐嫣性感镂空深V领链条，凸显丰满圆润无比巨大的球型水滴胸，修长笔直匀称肌肉线条流畅的大长腿，大幅度岔开双腿，18厘米高跟鞋，饱满亮泽的正红色唇妆，蓬松大波浪卷发，身材高挑性感火辣，皮肤白皙紧致，体态挺拔,assistant_top,人物近期事件状态查询,207.0
1:1低饱和纯黑纯色背景4K超清，明星赵丽颖性感镂空深V领链条，凸显丰满圆润无比巨大的球型水滴胸，修长笔直匀称肌肉线条流畅的大长腿，大幅度岔开双腿，18厘米高跟鞋，饱满亮泽的正红色唇妆，蓬松大波浪卷发，身材高挑性感火辣，皮肤白皙紧致，体态挺拔,assistant_top,人物近期事件状态查询,282.0
上海市市长,assistant_top,公共职务现任者查询,123.0
上海市长,assistant_top,公共职务现任者查询,115.0
中央军事委员会成员最新名单,assistant_top,群体名单枚举,125.0
中央政治局常委,assistant_top,群体名单枚举,149.0
冯坤的丈夫加提蓬是谁,assistant_top,私人家世与感情关系查询,187.0
冯坤的丈夫是谁,assistant_top,私人家世与感情关系查询,142.0
包贝尔疑似出轨,assistant_top,人物近期事件状态查询,355.0
叶建春的家庭背景如何,assistant_top,私人家世与感情关系查询,135.0
国家主席,assistant_top,公共职务现任者查询,163.0
大胸美女,assistant_top,性化类目浏览或非具体人物浏览,146.0
孙宇晨的家庭背景如何,assistant_top,私人家世与感情关系查询,324.0
帅哥,assistant_top,性化类目浏览或非具体人物浏览,140.0
张澜澜的丈夫是谁,assistant_top,私人家世与感情关系查询,147.0
性感美女,assistant_top,性化类目浏览或非具体人物浏览,210.0
惠英红老师是甄子丹母亲,assistant_top,私人家世与感情关系查询,114.0
景甜家世身份,assistant_top,私人家世与感情关系查询,130.0
景甜的家庭背景如何,assistant_top,私人家世与感情关系查询,280.0
朱忠明任上海市政府党组书记,assistant_top,公共职务现任者查询,351.0
李克强当总理，连任他管公安部,assistant_top,人事任免事件查询,177.0
李小龙妻子现在状况,assistant_top,私人家世与感情关系查询,180.0
李维康去世前有什么症状,assistant_top,人物近期事件状态查询,112.0
李维康去世前有哪些症状,assistant_top,人物近期事件状态查询,368.0
李维康去世的具体原因是什么,assistant_top,人物近期事件状态查询,115.0
李维康去世的具体原因是什么,assistant_top,人物近期事件状态查询,461.0
李维康去世的原因是什么,assistant_top,人物近期事件状态查询,294.0
李维康的丈夫是谁,assistant_top,私人家世与感情关系查询,202.0
李维康的去世原因是什么,assistant_top,人物近期事件状态查询,301.0
李维康的死因是什么,assistant_top,人物近期事件状态查询,159.0
李运任深圳市代市长,assistant_top,人事任免事件查询,212.0
梅母去世梅艳芳遗产全捐,assistant_top,人物近期事件状态查询,122.0
梅艳芳母亲去世梅启明抵医院,assistant_top,人物近期事件状态查询,127.0
歼轰7总师陈一坚逝世,assistant_top,人物近期事件状态查询,117.0
比基尼美女,assistant_top,性化类目浏览或非具体人物浏览,205.0
毛主席,assistant_top,裸名人物身份识别,215.0
江西省委书记,assistant_top,公共职务现任者查询,146.0
江西省省长,assistant_top,公共职务现任者查询,126.0
江西省省长叶建春,assistant_top,公共职务现任者查询,112.0
江西省长,assistant_top,公共职务现任者查询,122.0
浅米白色V比基尼,assistant_top,垂类外非人物查询,214.0
白珊珊的丈夫是谁,assistant_top,私人家世与感情关系查询,119.0
粉色比基尼,assistant_top,垂类外非人物查询,190.0
美女,assistant_top,性化类目浏览或非具体人物浏览,1779.0
美女图片,assistant_top,性化类目浏览或非具体人物浏览,683.0
美女，身材高大肥胖，屁股大腿粗,assistant_top,性化类目浏览或非具体人物浏览,176.0
胡军李乃文老父亲既视感,assistant_top,私人家世与感情关系查询,185.0
胸大的姑娘,assistant_top,性化类目浏览或非具体人物浏览,109.0
著名京剧表演艺术家李维康逝世,assistant_top,人物近期事件状态查询,207.0
覃伟中辞去深圳市市长职务,assistant_top,人事任免事件查询,324.0
许家印的子女情况如何,assistant_top,私人家世与感情关系查询,229.0
贺子珍原配丈夫详情,assistant_top,私人家世与感情关系查询,129.0
贺子珍原配丈夫详情,assistant_top,私人家世与感情关系查询,403.0
路征个人资料简介及家世,assistant_top,私人家世与感情关系查询,143.0
钟畅姿当选中共钦州市委书记,assistant_top,人事任免事件查询,196.0
陈武同志的逝世原因是什么,assistant_top,人物近期事件状态查询,512.0
陈武同志逝世,assistant_top,人物近期事件状态查询,167.0
陈武同志遗体在京火化,assistant_top,人物近期事件状态查询,253.0
陈武的逝世原因是什么,assistant_top,人物近期事件状态查询,222.0
韦慧晓的丈夫是谁,assistant_top,私人家世与感情关系查询,136.0
领导班子,assistant_top,群体名单枚举,120.0
黑丝美女,assistant_top,性化类目浏览或非具体人物浏览,107.0
2008年湖南省委机构改革编制办公室王国强,assistant_random,群体名单枚举,1.0
2026年荆门市屈家岭办事处书记是谁？,assistant_random,公共职务现任者查询,1.0
90年代的中后期，刘小彪父亲大概率是担任人大常委会副主任或者政协副主席。小概率担任县人大主任或者政协主席,assistant_random,群体名单枚举,1.0
丁健的现任妻子是谁,assistant_random,私人家世与感情关系查询,1.0
上海历任市长和市委书记中谁最著名,assistant_random,群体名单枚举,1.0
下一任联大主席是谁,assistant_random,作品角色反查人物,1.0
中国人民解放军空军航空大学（Aviation University of Air Force），简称空军航空大学，本部位于吉林省长春市，为副军级建制，是空军直属的高等教育院校，是中国唯一一所以培养飞行人才为主体，航空飞行指挥与航空工程技术专业兼容的综合性军事高等学府，是中央军委批准的“十一五”期间军队“2110工程”重点建设院校。中国人民解放军空军航空大学前身是1946年创办的第一所航空学校——东北民主联军航空学校。1948年和1949年，随着东北战局的变化，学校先后改名为东北人民解放军航空学校和中国人民解放军航空学校。1949年10月，中央军委批准创办六所新航校方案，其中牡丹江航校由东北老航校整编后留在牡丹江的剩余人员组建而成。1949年12月20日，牡丹江航校改称为中国人民解放军第七航空学校。之后，学校于1952年1月改称为空军第七航空学校，于1986年6月改称为空军第七飞行学院。20 东北老航校的第一任校长是谁,assistant_random,垂类外非人物查询,1.0
中国联通池州分公司纪委书记,assistant_random,公共职务现任者查询,1.0
中纪检委有哪些副书记,assistant_random,群体名单枚举,1.0
义乌北苑街道宣传委员个人资料,assistant_random,公共职务现任者查询,1.0
他去世以后，连骨灰都没有保留，令人痛心,assistant_random,垂类外非人物查询,1.0
任振鹤省长最新任职,assistant_random,人事任免事件查询,1.0
余姓县委副书记中谁即将晋升,assistant_random,人事任免事件查询,1.0
余杰旋书记在三合镇有哪些主要政绩,assistant_random,人物单项属性查询,1.0
冯坤和丈夫加提蓬的感情生活如何,assistant_random,私人家世与感情关系查询,1.0
刘程，现任湖南省邵阳市洞口县岩山镇党委书记。 刘程的简历是什么,assistant_random,人物单项属性查询,1.0
刘锦棠后代中谁最有成就,assistant_random,群体名单枚举,1.0
剅河镇历届领导班子,assistant_random,群体名单枚举,1.0
叶弘老婆,assistant_random,私人家世与感情关系查询,1.0
吴信泉的子女现状如何,assistant_random,私人家世与感情关系查询,2.0
吴泊成，湖南省长沙市长郡中学学生。2023年进入长郡中学学习。2024年9月，获第38届中国化学奥林匹克初赛一等奖。2025年，获第39届中国化学奥林匹克初赛一等奖。2025年12月，参加中国代表队队员选拔赛并通过综合考察。2026年1月，入选第58届国际化学奥林匹克中国代表队。将代表中国于2026年7月10-19日出征在乌兹别克斯坦塔什干举行的比赛。获得保送北京大学资格。在校期间担任班长、化学竞赛组组长，获评“优秀共青团员”、“校级三好学生”等荣誉。2026年7月，获得第58届国际化学奥林匹克竞赛金牌。 吴泊成在长郡中学的表现如何,assistant_random,垂类外非人物查询,1.0
周万宇书记在隘洞镇的工作动态,assistant_random,人事任免事件查询,1.0
商丘市社会工作部副部长是谁,assistant_random,公共职务现任者查询,1.0
国务院副总理名单,assistant_random,群体名单枚举,3.0
垣曲县农业农村局领导班子有哪些成员,assistant_random,群体名单枚举,1.0
孔家子女中谁最出名,assistant_random,群体名单枚举,1.0
孙小果的亲生父亲是谁,assistant_random,私人家世与感情关系查询,1.0
安化县常委领导班子名单,assistant_random,群体名单枚举,1.0
完整号叫做Gi豆（不爱看美女）,assistant_random,垂类外非人物查询,1.0
帅哥图片生活照真实,assistant_random,垂类外非人物查询,1.0
广东湛江副市长桂涛,assistant_random,公共职务现任者查询,1.0
库尔勒市住建局局长书记,assistant_random,公共职务现任者查询,1.0
建国之后为啥有女人讨厌毛泽东，她的丈夫，大儿子都是解放军的，死在了战场上。认为是他领导的解放军害死了自己的丈夫，大儿子,assistant_random,私人家世与感情关系查询,1.0
张勇书记的简历是什么,assistant_random,人物档案调阅,2.0
张国立的妻子叫什么名字？,assistant_random,私人家世与感情关系查询,1.0
徐湘平落马原因是什么,assistant_random,人事任免事件查询,1.0
性感随性的帅,assistant_random,性化类目浏览或非具体人物浏览,1.0
把这个新任丈夫和小杨哥进行对比反差有多大呢？,assistant_random,私人家世与感情关系查询,1.0
教育部环境工程教学指导委员会委员名单,assistant_random,群体名单枚举,2.0
新中国成立来都有哪些主席,assistant_random,群体名单枚举,1.0
新沂一中领导班子中谁最有影响力,assistant_random,群体名单枚举,1.0
方少珠被免职后有何动向,assistant_random,人物近期事件状态查询,1.0
朱忠明担任上海市市长的可能性有多大,assistant_random,人物单项属性查询,1.0
李宣霖被免职后有什么新动向,assistant_random,人物近期事件状态查询,1.0
杨东书记的简历和背景是什么,assistant_random,人物档案调阅,1.0
杨宗书江泽民总书记,assistant_random,公共职务现任者查询,1.0
杨绛的丈夫是谁,assistant_random,私人家世与感情关系查询,1.0
杨迪的子女情况怎么样,assistant_random,私人家世与感情关系查询,1.0
毛主席是几几年去世的？满几周年？,assistant_random,人物单项属性查询,1.0
河南 省委副书记 安全 以党建为引领 以网格为,assistant_random,人事任免事件查询,1.0
洼里王镇2026年有哪些新任职人员,assistant_random,人事任免事件查询,1.0
浦东新区区委书记有哪些人,assistant_random,群体名单枚举,1.0
王伟，中国羽毛球队男双主教练，曾任中国羽毛球协会副主席兼秘书长。2026年8月，王伟涉嫌严重违法，接受中央纪委国家监委驻国家体育总局纪检监察组和江苏省南通市监委监察调查。 王伟的涉案金额和具体罪名是什么,assistant_random,人物近期事件状态查询,6.0
王光美真的说过“毛主席当年是对的”吗?是否真的肯定“文化大革命”吗,assistant_random,裸名人物身份识别,1.0
王婉靖的家庭背景如何,assistant_random,私人家世与感情关系查询,1.0
王超教授是否已婚育有子女,assistant_random,私人家世与感情关系查询,1.0
现任常务副部长具体是谁,assistant_random,公共职务现任者查询,1.0
甘肃省省党组书记,assistant_random,公共职务现任者查询,1.0
第二台是五菱宏光s的车，你敢相信这位在美国海军服役20年累计在南极飞行超4000小时的飞机工程师，竟公开爆料南极冰层下藏着外星人基地，人类早已与外星文明展开合作。这位工程师名叫布莱恩2019,assistant_random,垂类外非人物查询,1.0
给我一份崇仁县历任县委书记的完整名单,assistant_random,群体名单枚举,1.0
美女男,assistant_random,性化类目浏览或非具体人物浏览,1.0
美女面带笑容,assistant_random,性化类目浏览或非具体人物浏览,1.0
聂曦有几个妻子,assistant_random,私人家世与感情关系查询,1.0
聂鹤亭的子女情况,assistant_random,私人家世与感情关系查询,2.0
胡锦涛任总书记时，朱镕基当什么？,assistant_random,公共职务现任者查询,1.0
苏埠镇书记中谁任期最短,assistant_random,群体名单枚举,1.0
董国喜的子女是谁,assistant_random,私人家世与感情关系查询,1.0
虚无少女。是不是之后死了？,assistant_random,作品本体获取,1.0
解冬父亲是谁，有公开报道吗,assistant_random,裸名人物身份识别,1.0
许家印被查封的资产有哪些,assistant_random,人物近期事件状态查询,1.0
赵金岗去世了嘛,assistant_random,人物近期事件状态查询,1.0
转换二次元性感美少女,assistant_random,性化类目浏览或非具体人物浏览,1.0
还有哪些名人近日去世,assistant_random,群体名单枚举,1.0
这17位上将中谁后来担任过军委主席,assistant_random,群体名单枚举,1.0
邓小平比毛主席小几岁,assistant_random,人物单项属性查询,1.0
那一年，宇髓天元还在上学，他的父亲在外面和一个姓伊黑的女人好上了，于是宇髓夫妻离了婚。那天，宇髓天元刚从图书馆回来，他刚考上研究生，要好好学习，结果就看见父亲带着一个陌生的女人和他的同校的学弟伊黑小芭内坐在沙发上，他和伊黑小芭内关系不错，但是他想不明白他怎么会在这儿，宇髓父看见宇髓天元回来了，招呼他“天元快来，快来见见母亲和二郎，以后我们就是一家人了”宇髓天元不可置信“一家人？你是说，让我管一个素不相识的女人叫母亲？怪不得你要和我母亲离婚，原来你在外面包养小妾！”伊黑小芭内“噌”地站起来“我妈妈不是小妾！”伊黑妈赶紧把小芭内按到沙发上“小芭内听话，不要和兄长吵架，兄长只是目前有点接受不了”宇髓天元美丽的脸上青一阵白一阵，他走进自己的房间里，把门重重的关上，他接受不了重组家庭,assistant_random,垂类外非人物查询,1.0
邹华生，现任江西省社科联党组成员、副主席。 邹华生是否有可能继续晋升,assistant_random,人物单项属性查询,1.0
郑家河沿镇历任党委书记有哪些,assistant_random,群体名单枚举,1.0
鄂州市委组织部领导班子成员,assistant_random,群体名单枚举,1.0
钟嘉飞和江洪的子女中谁最出名,assistant_random,私人家世与感情关系查询,1.0
陈武同志的逝世对政协有何影响,assistant_random,人物近期事件状态查询,9.0
陈阳是什么原因突然去世？,assistant_random,人物近期事件状态查询,1.0
陕西省委领导中谁最有权势,assistant_random,群体名单枚举,1.0
陕西铁塔领导班子是否有新成员加入,assistant_random,人事任免事件查询,1.0
隆昌市委社会工作部完整名单何时公布,assistant_random,人事任免事件查询,1.0
顺义区农业农村局领导班子成员,assistant_random,群体名单枚举,1.0
马鸿逵的子女后来过得怎么样,assistant_random,私人家世与感情关系查询,1.0
黄遥拟任的县（区）领导班子副职是哪个,assistant_random,人事任免事件查询,1.0
龙正涌被免职后有何公开活动,assistant_random,人物相关说法核实,1.0
