key,类目,快照,该类该快照条数,可引条数,取法,query,pv_raw
1,人物资料查询,2025搜索,5835,5820,流量最高,陈小江,961536.0
1,人物资料查询,2025搜索,5835,5820,流量最高,韦韬,170243.0
1,人物资料查询,2025搜索,5835,5820,流量最高,刘晓庆,43466.0
1,人物资料查询,2025搜索,5835,5820,随机,田雷,1337.0
1,人物资料查询,2025搜索,5835,5820,随机,赵奕欢,811.0
1,人物资料查询,2025搜索,5835,5820,随机,郑希怡,229.0
38,查询含“马”字人物信息,2025搜索,104,96,流量最高,马兴瑞,502916.0
38,查询含“马”字人物信息,2025搜索,104,96,流量最高,马兴瑞简历,7149.0
38,查询含“马”字人物信息,2025搜索,104,96,流量最高,马斯克,4337.0
38,查询含“马”字人物信息,2025搜索,104,96,随机,马英瑞,777.0
38,查询含“马”字人物信息,2025搜索,104,96,随机,马歇尔,215.0
38,查询含“马”字人物信息,2025搜索,104,96,随机,司马迁简介,249.0
37,查询习近平个人资料与讲话,2025搜索,47,39,流量最高,习近平,66375.0
37,查询习近平个人资料与讲话,2025搜索,47,39,流量最高,习近平系列讲话,4831.0
37,查询习近平个人资料与讲话,2025搜索,47,39,流量最高,习近平简历,3915.0
37,查询习近平个人资料与讲话,2025搜索,47,39,随机,习近平祖籍,218.0
37,查询习近平个人资料与讲话,2025搜索,47,39,随机,习近平简介,1302.0
37,查询习近平个人资料与讲话,2025搜索,47,39,随机,习近平老家,264.0
16,查询鹿晗关晓彤近况与感情动态,2025搜索,56,52,流量最高,鹿晗,51718.0
16,查询鹿晗关晓彤近况与感情动态,2025搜索,56,52,流量最高,鹿晗关晓彤宣布最新消息,18283.0
16,查询鹿晗关晓彤近况与感情动态,2025搜索,56,52,流量最高,鹿晗个人资料,8903.0
16,查询鹿晗关晓彤近况与感情动态,2025搜索,56,52,随机,关晓彤鹿晗,1060.0
16,查询鹿晗关晓彤近况与感情动态,2025搜索,56,52,随机,鹿晗和关晓彤现状,846.0
16,查询鹿晗关晓彤近况与感情动态,2025搜索,56,52,随机,鹿晗和关晓彤,393.0
35,肖战个人资料简介查询,2025搜索,14,11,流量最高,肖战,40528.0
35,肖战个人资料简介查询,2025搜索,14,11,流量最高,肖战个人简介,3911.0
35,肖战个人资料简介查询,2025搜索,14,11,流量最高,肖战百度百科,2801.0
35,肖战个人资料简介查询,2025搜索,14,11,随机,肖战和王一博,654.0
35,肖战个人资料简介查询,2025搜索,14,11,随机,肖邦,350.0
35,肖战个人资料简介查询,2025搜索,14,11,随机,肖战图片,1068.0
22,美女图片查询,2025搜索,56,2,流量最高,美腿,518.0
22,美女图片查询,2025搜索,56,2,流量最高,民国四大美男,262.0
39,名称含义查询,2025搜索,491,488,流量最高,白鹿,28246.0
39,名称含义查询,2025搜索,491,488,流量最高,孟子义,15298.0
39,名称含义查询,2025搜索,491,488,流量最高,哪吒,10433.0
39,名称含义查询,2025搜索,491,488,随机,孤僻的察尔森,364.0
39,名称含义查询,2025搜索,491,488,随机,黄河,897.0
39,名称含义查询,2025搜索,491,488,随机,七海千秋,256.0
0,专名信息查询,2025搜索,1210,1203,流量最高,佩通坦,25388.0
0,专名信息查询,2025搜索,1210,1203,流量最高,石泰峰,12415.0
0,专名信息查询,2025搜索,1210,1203,流量最高,王楚然,9711.0
0,专名信息查询,2025搜索,1210,1203,随机,程寄县,415.0
0,专名信息查询,2025搜索,1210,1203,随机,林立果,416.0
0,专名信息查询,2025搜索,1210,1203,随机,赛维尔,232.0
26,查询中国中央党政军领导成员名单与职务,2025搜索,156,90,流量最高,胡锦涛,20579.0
26,查询中国中央党政军领导成员名单与职务,2025搜索,156,90,流量最高,毛泽东,17911.0
26,查询中国中央党政军领导成员名单与职务,2025搜索,156,90,流量最高,江泽民,16180.0
26,查询中国中央党政军领导成员名单与职务,2025搜索,156,90,随机,格力迎新董事长,1118.0
26,查询中国中央党政军领导成员名单与职务,2025搜索,156,90,随机,中国历任国家席位都有哪几个,364.0
26,查询中国中央党政军领导成员名单与职务,2025搜索,156,90,随机,中央办公厅主任,842.0
21,省级党委书记任免查询,2025搜索,94,17,流量最高,新疆陈小江,19231.0
21,省级党委书记任免查询,2025搜索,94,17,流量最高,陈小江新疆,4141.0
21,省级党委书记任免查询,2025搜索,94,17,流量最高,陈小江 新疆,2389.0
21,省级党委书记任免查询,2025搜索,94,17,随机,新疆 常务副 陈,233.0
21,省级党委书记任免查询,2025搜索,94,17,随机,新疆自治区陈小江简历,238.0
21,省级党委书记任免查询,2025搜索,94,17,随机,马瑞兴新疆,855.0
51,查询女性人物及角色信息,2025搜索,63,55,流量最高,秘书,2884.0
51,查询女性人物及角色信息,2025搜索,63,55,流量最高,猎魔女团,2487.0
51,查询女性人物及角色信息,2025搜索,63,55,流量最高,女人,2158.0
51,查询女性人物及角色信息,2025搜索,63,55,随机,扶摇夫人,506.0
51,查询女性人物及角色信息,2025搜索,63,55,随机,18岁,366.0
51,查询女性人物及角色信息,2025搜索,63,55,随机,女演员,308.0
13,查询人物背景与个人生活,2025搜索,145,127,流量最高,韦东奕晋升北大长聘副教授?校方回应,16167.0
13,查询人物背景与个人生活,2025搜索,145,127,流量最高,赵本山最新信息,14355.0
13,查询人物背景与个人生活,2025搜索,145,127,流量最高,日军在杨靖宇头颅前合影公开,2392.0
13,查询人物背景与个人生活,2025搜索,145,127,随机,蔡澜的感情经历,229.0
13,查询人物背景与个人生活,2025搜索,145,127,随机,王虹数学家,245.0
13,查询人物背景与个人生活,2025搜索,145,127,随机,感动中国十大人物,246.0
25,官员职务及履历查询,2025搜索,80,19,流量最高,李克强,15246.0
25,官员职务及履历查询,2025搜索,80,19,流量最高,特朗普,5690.0
25,官员职务及履历查询,2025搜索,80,19,流量最高,普京,2478.0
25,官员职务及履历查询,2025搜索,80,19,随机,鹰潭市公安局李斌,301.0
25,官员职务及履历查询,2025搜索,80,19,随机,北京市公安局局长,416.0
25,官员职务及履历查询,2025搜索,80,19,随机,金正大,281.0
36,人物简历查询,2025搜索,70,65,流量最高,陈小江简历,15161.0
36,人物简历查询,2025搜索,70,65,流量最高,韦韬任职公示,7415.0
36,人物简历查询,2025搜索,70,65,流量最高,韦韬简历,3778.0
36,人物简历查询,2025搜索,70,65,随机,普京简历,666.0
36,人物简历查询,2025搜索,70,65,随机,陈小江简历英国,1417.0
36,人物简历查询,2025搜索,70,65,随机,高密邱纯洁,311.0
52,人名信息查询,2025搜索,214,213,流量最高,刘亦菲,13138.0
52,人名信息查询,2025搜索,214,213,流量最高,彭丽媛,12350.0
52,人名信息查询,2025搜索,214,213,流量最高,迪丽热巴,9696.0
52,人名信息查询,2025搜索,214,213,随机,霍建华,1026.0
52,人名信息查询,2025搜索,214,213,随机,twice,1212.0
52,人名信息查询,2025搜索,214,213,随机,窦唯,773.0
50,人物角色资料查询,2025搜索,316,313,流量最高,波多野结衣,12620.0
50,人物角色资料查询,2025搜索,316,313,流量最高,那尔那茜,8676.0
50,人物角色资料查询,2025搜索,316,313,流量最高,单依纯,6241.0
50,人物角色资料查询,2025搜索,316,313,随机,岬奈奈美,229.0
50,人物角色资料查询,2025搜索,316,313,随机,薄姬,496.0
50,人物角色资料查询,2025搜索,316,313,随机,蕾哈娜,352.0
34,查询对象身份,2025搜索,92,74,流量最高,四大名著的作者分别是,1985.0
34,查询对象身份,2025搜索,92,74,流量最高,闻鸡起舞的主人公是谁,1772.0
34,查询对象身份,2025搜索,92,74,流量最高,春晓的作者到底是谁,1560.0
34,查询对象身份,2025搜索,92,74,随机,郑耀先的历史原型是谁,440.0
34,查询对象身份,2025搜索,92,74,随机,大头和珍珍,1026.0
34,查询对象身份,2025搜索,92,74,随机,灰尘的旅行作者是谁,264.0
20,党委书记及常委任职查询,2025搜索,153,2,流量最高,内蒙古党委常委,397.0
20,党委书记及常委任职查询,2025搜索,153,2,流量最高,广西常委,220.0
17,人物及机构基本信息查询,2025搜索,81,73,流量最高,听风的蚕,7400.0
17,人物及机构基本信息查询,2025搜索,81,73,流量最高,孔子姓什么,3291.0
17,人物及机构基本信息查询,2025搜索,81,73,流量最高,fresh_ye为什么叫年薪,1731.0
17,人物及机构基本信息查询,2025搜索,81,73,随机,毛泽东属什么,411.0
17,人物及机构基本信息查询,2025搜索,81,73,随机,冰心的原名叫什么,802.0
17,人物及机构基本信息查询,2025搜索,81,73,随机,毛泽东属什么生肖,263.0
32,人物个人简介查询,2025搜索,77,77,流量最高,马兴个人简介,6295.0
32,人物个人简介查询,2025搜索,77,77,流量最高,关晓彤个人简介,5883.0
32,人物个人简介查询,2025搜索,77,77,流量最高,张凌赫个人简介,5045.0
32,人物个人简介查询,2025搜索,77,77,随机,胡适个人简介及成就,485.0
32,人物个人简介查询,2025搜索,77,77,随机,郭沫若个人简介及作品,400.0
32,人物个人简介查询,2025搜索,77,77,随机,井柏然个人简介,256.0
49,鞠婧祎资料与送花影响力查询,2025搜索,7,7,流量最高,鞠婧祎,6220.0
49,鞠婧祎资料与送花影响力查询,2025搜索,7,7,流量最高,鞠婧祎照片,768.0
49,鞠婧祎资料与送花影响力查询,2025搜索,7,7,流量最高,鞠婧炜,369.0
49,鞠婧祎资料与送花影响力查询,2025搜索,7,7,随机,鞠婧祎微博,290.0
49,鞠婧祎资料与送花影响力查询,2025搜索,7,7,随机,鞠婧祎怎么读,353.0
49,鞠婧祎资料与送花影响力查询,2025搜索,7,7,随机,鞠婧祎图片,357.0
15,查询人物身份与归属信息,2025搜索,52,50,流量最高,李爱庆的四大宠男是哪四个,5968.0
15,查询人物身份与归属信息,2025搜索,52,50,流量最高,香港四大才子是哪四位,2629.0
15,查询人物身份与归属信息,2025搜索,52,50,流量最高,岳飞,1709.0
15,查询人物身份与归属信息,2025搜索,52,50,随机,黄轩像哪个革命先辈,357.0
15,查询人物身份与归属信息,2025搜索,52,50,随机,诸葛亮是哪里人,349.0
15,查询人物身份与归属信息,2025搜索,52,50,随机,北大教师韦东奕是哪里人,310.0
10,百度送花明星影响力查询,2025搜索,12,12,流量最高,肖战百度送花入口,4792.0
10,百度送花明星影响力查询,2025搜索,12,12,流量最高,肖战送花,1555.0
10,百度送花明星影响力查询,2025搜索,12,12,流量最高,肖战送花榜投票入口,1145.0
10,百度送花明星影响力查询,2025搜索,12,12,随机,叶童 百度送花,695.0
10,百度送花明星影响力查询,2025搜索,12,12,随机,肖战百度送花,240.0
10,百度送花明星影响力查询,2025搜索,12,12,随机,肖战百度百科送花榜入口,1124.0
27,查询部长级官员任职信息,2025搜索,38,5,流量最高,统战部,4039.0
27,查询部长级官员任职信息,2025搜索,38,5,流量最高,曝z男星横店打骂助理,1151.0
27,查询部长级官员任职信息,2025搜索,38,5,流量最高,教育部彭龙,222.0
27,查询部长级官员任职信息,2025搜索,38,5,随机,中央统战部领导,211.0
27,查询部长级官员任职信息,2025搜索,38,5,随机,外交部王敏,209.0
45,查询明星娱乐八卦动态,2025搜索,116,107,流量最高,王安宇和关晓彤,3509.0
45,查询明星娱乐八卦动态,2025搜索,116,107,流量最高,陈晓毛晓彤在一起了吗,3471.0
45,查询明星娱乐八卦动态,2025搜索,116,107,流量最高,白玉兰获奖名单,3130.0
45,查询明星娱乐八卦动态,2025搜索,116,107,随机,宋氏三姐妹,658.0
45,查询明星娱乐八卦动态,2025搜索,116,107,随机,李富贵女网红,381.0
45,查询明星娱乐八卦动态,2025搜索,116,107,随机,刘亦菲图片,270.0
48,查询女性人物资料,2025搜索,54,52,流量最高,武则天,3174.0
48,查询女性人物资料,2025搜索,54,52,流量最高,杨贵妃,2331.0
48,查询女性人物资料,2025搜索,54,52,流量最高,陈思诚否认李庚希是京圈公主,2074.0
48,查询女性人物资料,2025搜索,54,52,随机,长孙皇后,437.0
48,查询女性人物资料,2025搜索,54,52,随机,慈禧人物简介,417.0
48,查询女性人物资料,2025搜索,54,52,随机,维多利亚女王,325.0
43,查询人物图片,2025搜索,90,84,流量最高,哪吒图片,2893.0
43,查询人物图片,2025搜索,90,84,流量最高,初音未来,2729.0
43,查询人物图片,2025搜索,90,84,流量最高,林正英,2170.0
43,查询人物图片,2025搜索,90,84,随机,成毅图片,232.0
43,查询人物图片,2025搜索,90,84,随机,花子君,430.0
43,查询人物图片,2025搜索,90,84,随机,章鱼哥,245.0
24,查询人物个人资料简历,2025搜索,72,65,流量最高,董宇辉简介及个人资料,2635.0
24,查询人物个人资料简历,2025搜索,72,65,流量最高,刘晓庆简历个人资料,2546.0
24,查询人物个人资料简历,2025搜索,72,65,流量最高,陈小江个人资料简介图片,2540.0
24,查询人物个人资料简历,2025搜索,72,65,随机,任嘉伦个人资料简介,570.0
24,查询人物个人资料简历,2025搜索,72,65,随机,韦神个人资料简介图片,1436.0
24,查询人物个人资料简历,2025搜索,72,65,随机,魏大勋个人资料简历,304.0
46,查询人物配偶及亲属关系,2025搜索,67,27,流量最高,公公儿媳,1151.0
46,查询人物配偶及亲属关系,2025搜索,67,27,流量最高,是女儿是妈妈,794.0
46,查询人物配偶及亲属关系,2025搜索,67,27,流量最高,小s,794.0
46,查询人物配偶及亲属关系,2025搜索,67,27,随机,洪亮的老丈人,688.0
46,查询人物配偶及亲属关系,2025搜索,67,27,随机,吴磊妈妈,393.0
46,查询人物配偶及亲属关系,2025搜索,67,27,随机,钟镇涛女儿,288.0
12,列举特定对象的重要成果与相关条目,2025搜索,18,18,流量最高,蒋永德,1367.0
12,列举特定对象的重要成果与相关条目,2025搜索,18,18,流量最高,胜利女神,1115.0
12,列举特定对象的重要成果与相关条目,2025搜索,18,18,流量最高,利雅得新月有哪些球星,933.0
12,列举特定对象的重要成果与相关条目,2025搜索,18,18,随机,梁爱琪,272.0
12,列举特定对象的重要成果与相关条目,2025搜索,18,18,随机,副省级城市,279.0
12,列举特定对象的重要成果与相关条目,2025搜索,18,18,随机,正国级有哪些职位,250.0
19,人物年龄及属性查询,2025搜索,29,29,流量最高,陈光标2024年总资产多少亿,1359.0
19,人物年龄及属性查询,2025搜索,29,29,流量最高,特朗普多少岁,1130.0
19,人物年龄及属性查询,2025搜索,29,29,流量最高,吴亦凡还有几年可以出来,830.0
19,人物年龄及属性查询,2025搜索,29,29,随机,关晓彤多大,260.0
19,人物年龄及属性查询,2025搜索,29,29,随机,孙思邈活了多少岁,395.0
19,人物年龄及属性查询,2025搜索,29,29,随机,鲁班,677.0
28,领导班子成员名单查询,2025搜索,44,12,流量最高,国家领导人,837.0
28,领导班子成员名单查询,2025搜索,44,12,流量最高,天津市领导 王旭,657.0
28,领导班子成员名单查询,2025搜索,44,12,流量最高,朝鲜领导人,411.0
28,领导班子成员名单查询,2025搜索,44,12,随机,地方领导,326.0
28,领导班子成员名单查询,2025搜索,44,12,随机,八路军三个师领导名单,225.0
28,领导班子成员名单查询,2025搜索,44,12,随机,国家新一届班子成员简历,392.0
59,查询习近平总书记个人信息与讲话,2025搜索,3,0,不引原文（该类该快照的行全部命中风控图层或引用护栏）,,
18,查询个人背景与任职信息,2025搜索,25,25,流量最高,张宗昌,868.0
18,查询个人背景与任职信息,2025搜索,25,25,流量最高,张卫健,825.0
18,查询个人背景与任职信息,2025搜索,25,25,流量最高,张阳,809.0
18,查询个人背景与任职信息,2025搜索,25,25,随机,小潮院长,734.0
18,查询个人背景与任职信息,2025搜索,25,25,随机,李美琪,435.0
18,查询个人背景与任职信息,2025搜索,25,25,随机,戴厚良,554.0
14,七一勋章获得者信息查询,2025搜索,2,2,流量最高,莫言获得诺贝尔奖的作品,514.0
14,七一勋章获得者信息查询,2025搜索,2,2,流量最高,共和国勋章获得者,335.0
1,人物资料查询,2026搜索,6339,6324,流量最高,蔡奇,178847.0
1,人物资料查询,2026搜索,6339,6324,流量最高,吴亚琴,69146.0
1,人物资料查询,2026搜索,6339,6324,流量最高,李强,61387.0
1,人物资料查询,2026搜索,6339,6324,随机,尤长靖,332.0
1,人物资料查询,2026搜索,6339,6324,随机,刘若英,546.0
1,人物资料查询,2026搜索,6339,6324,随机,翟子路个人资料简介,572.0
37,查询习近平个人资料与讲话,2026搜索,85,71,流量最高,习近平,141833.0
37,查询习近平个人资料与讲话,2026搜索,85,71,流量最高,习近平简历,70344.0
37,查询习近平个人资料与讲话,2026搜索,85,71,流量最高,习近平身高,13137.0
37,查询习近平个人资料与讲话,2026搜索,85,71,随机,习近平党建文选,696.0
37,查询习近平个人资料与讲话,2026搜索,85,71,随机,习近平简介,2809.0
37,查询习近平个人资料与讲话,2026搜索,85,71,随机,习近平多大年纪,180.0
14,七一勋章获得者信息查询,2026搜索,87,84,流量最高,七一勋章获得者,95135.0
14,七一勋章获得者信息查询,2026搜索,87,84,流量最高,七一勋章获得者名单,24902.0
14,七一勋章获得者信息查询,2026搜索,87,84,流量最高,2026年七一勋章获得者是谁,6940.0
14,七一勋章获得者信息查询,2026搜索,87,84,随机,"29人获""七一勋章""名单",237.0
14,七一勋章获得者信息查询,2026搜索,87,84,随机,七一勋章李连成,381.0
14,七一勋章获得者信息查询,2026搜索,87,84,随机,七一勋章获得者李连成事迹,248.0
26,查询中国中央党政军领导成员名单与职务,2026搜索,190,94,流量最高,江泽民,50141.0
26,查询中国中央党政军领导成员名单与职务,2026搜索,190,94,流量最高,胡锦涛,48035.0
26,查询中国中央党政军领导成员名单与职务,2026搜索,190,94,流量最高,毛泽东,18039.0
26,查询中国中央党政军领导成员名单与职务,2026搜索,190,94,随机,中国最早共产创始人,861.0
26,查询中国中央党政军领导成员名单与职务,2026搜索,190,94,随机,1921年建党创始人名单,729.0
26,查询中国中央党政军领导成员名单与职务,2026搜索,190,94,随机,中央常委七人简介,213.0
35,肖战个人资料简介查询,2026搜索,131,130,流量最高,肖战,42201.0
35,肖战个人资料简介查询,2026搜索,131,130,流量最高,肖战 百度百科,3614.0
35,肖战个人资料简介查询,2026搜索,131,130,流量最高,肖战百度百科,2452.0
35,肖战个人资料简介查询,2026搜索,131,130,随机,肖占武原型简介百科,183.0
35,肖战个人资料简介查询,2026搜索,131,130,随机,肖战个人资料及简历,291.0
35,肖战个人资料简介查询,2026搜索,131,130,随机,肖战个人资料,369.0
38,查询含“马”字人物信息,2026搜索,50,50,流量最高,马善祥,31271.0
38,查询含“马”字人物信息,2026搜索,50,50,流量最高,马苏,6143.0
38,查询含“马”字人物信息,2026搜索,50,50,流量最高,马兴瑞,3294.0
38,查询含“马”字人物信息,2026搜索,50,50,随机,司马懿简介,646.0
38,查询含“马”字人物信息,2026搜索,50,50,随机,夏宝龙现职务级别,534.0
38,查询含“马”字人物信息,2026搜索,50,50,随机,马可波罗,395.0
51,查询女性人物及角色信息,2026搜索,56,49,流量最高,秘书,1985.0
51,查询女性人物及角色信息,2026搜索,56,49,流量最高,韩国空姐,1662.0
51,查询女性人物及角色信息,2026搜索,56,49,流量最高,女人,1395.0
51,查询女性人物及角色信息,2026搜索,56,49,随机,模特,469.0
51,查询女性人物及角色信息,2026搜索,56,49,随机,女女女,305.0
51,查询女性人物及角色信息,2026搜索,56,49,随机,漂亮阿姨,412.0
22,美女图片查询,2026搜索,51,2,流量最高,美腿,416.0
22,美女图片查询,2026搜索,51,2,流量最高,钟美美,275.0
49,鞠婧祎资料与送花影响力查询,2026搜索,108,108,流量最高,鞠婧祎,22207.0
49,鞠婧祎资料与送花影响力查询,2026搜索,108,108,流量最高,鞠婧祎简介,1033.0
49,鞠婧祎资料与送花影响力查询,2026搜索,108,108,流量最高,鞠婧祎百科个人资料简介图片,984.0
49,鞠婧祎资料与送花影响力查询,2026搜索,108,108,随机,鞠婧祎 送花,473.0
49,鞠婧祎资料与送花影响力查询,2026搜索,108,108,随机,鞠婧祎简介个人详细简历,434.0
49,鞠婧祎资料与送花影响力查询,2026搜索,108,108,随机,鞠婧祎简介个人详细资料,437.0
25,官员职务及履历查询,2026搜索,48,16,流量最高,李克强,20295.0
25,官员职务及履历查询,2026搜索,48,16,流量最高,特朗普,6545.0
25,官员职务及履历查询,2026搜索,48,16,流量最高,普京,3877.0
25,官员职务及履历查询,2026搜索,48,16,随机,北京大学校长,234.0
25,官员职务及履历查询,2026搜索,48,16,随机,重庆市公安局长,210.0
25,官员职务及履历查询,2026搜索,48,16,随机,英国首相,466.0
36,人物简历查询,2026搜索,99,95,流量最高,王於昌简历,17627.0
36,人物简历查询,2026搜索,99,95,流量最高,蔡奇简历,5217.0
36,人物简历查询,2026搜索,99,95,流量最高,程福波的简历,4913.0
36,人物简历查询,2026搜索,99,95,随机,安切洛蒂简历,642.0
36,人物简历查询,2026搜索,99,95,随机,邓小平简历,507.0
36,人物简历查询,2026搜索,99,95,随机,民政部李长官简历介绍,201.0
39,名称含义查询,2026搜索,294,289,流量最高,白鹿,14843.0
39,名称含义查询,2026搜索,294,289,流量最高,苍井空,10509.0
39,名称含义查询,2026搜索,294,289,流量最高,孟子义,3768.0
39,名称含义查询,2026搜索,294,289,随机,石川澪原名,207.0
39,名称含义查询,2026搜索,294,289,随机,邓小平身高,395.0
39,名称含义查询,2026搜索,294,289,随机,玉桂狗,196.0
0,专名信息查询,2026搜索,744,742,流量最高,伊万诺夫,12831.0
0,专名信息查询,2026搜索,744,742,流量最高,王楚然,11956.0
0,专名信息查询,2026搜索,744,742,流量最高,丁禹兮,10607.0
0,专名信息查询,2026搜索,744,742,随机,奥瑞金,183.0
0,专名信息查询,2026搜索,744,742,随机,珀尔,283.0
0,专名信息查询,2026搜索,744,742,随机,小乔,189.0
32,人物个人简介查询,2026搜索,141,139,流量最高,钟掘个人简介,10587.0
32,人物个人简介查询,2026搜索,141,139,流量最高,菜奇个人简奇,2729.0
32,人物个人简介查询,2026搜索,141,139,流量最高,赵亚夫时代楷模个人简介,2685.0
32,人物个人简介查询,2026搜索,141,139,随机,周柯宇个人简介,181.0
32,人物个人简介查询,2026搜索,141,139,随机,张桂源个人简介信息,216.0
32,人物个人简介查询,2026搜索,141,139,随机,刘华弟个人简介,231.0
52,人名信息查询,2026搜索,163,163,流量最高,彭丽媛,9544.0
52,人名信息查询,2026搜索,163,163,流量最高,陈丽君,7623.0
52,人名信息查询,2026搜索,163,163,流量最高,迪丽热巴,6579.0
52,人名信息查询,2026搜索,163,163,随机,蒋依依,389.0
52,人名信息查询,2026搜索,163,163,随机,容祖儿,459.0
52,人名信息查询,2026搜索,163,163,随机,李嘉欣,933.0
10,百度送花明星影响力查询,2026搜索,206,206,流量最高,肖战百度送花入口,9435.0
10,百度送花明星影响力查询,2026搜索,206,206,流量最高,金银花露,4739.0
10,百度送花明星影响力查询,2026搜索,206,206,流量最高,于朦胧百度送花,4259.0
10,百度送花明星影响力查询,2026搜索,206,206,随机,百度 送花鞠婧祎,438.0
10,百度送花明星影响力查询,2026搜索,206,206,随机,檀健次百度送花,346.0
10,百度送花明星影响力查询,2026搜索,206,206,随机,梓渝送花明星影响力,1535.0
28,领导班子成员名单查询,2026搜索,43,20,流量最高,国家领导人,1843.0
28,领导班子成员名单查询,2026搜索,43,20,流量最高,党和国家领导人,1689.0
28,领导班子成员名单查询,2026搜索,43,20,流量最高,民政部领导排名,1375.0
28,领导班子成员名单查询,2026搜索,43,20,随机,国家发改委班子成员名单,204.0
28,领导班子成员名单查询,2026搜索,43,20,随机,地方领导党政人物库,211.0
28,领导班子成员名单查询,2026搜索,43,20,随机,民政部领导,198.0
50,人物角色资料查询,2026搜索,247,244,流量最高,佐藤瞳,7879.0
50,人物角色资料查询,2026搜索,247,244,流量最高,波多野结衣,7819.0
50,人物角色资料查询,2026搜索,247,244,流量最高,宋美龄,3724.0
50,人物角色资料查询,2026搜索,247,244,随机,明日花绮罗,399.0
50,人物角色资料查询,2026搜索,247,244,随机,冰堂伊吹,285.0
50,人物角色资料查询,2026搜索,247,244,随机,御梦子,2195.0
24,查询人物个人资料简历,2026搜索,134,118,流量最高,檀健次个人资料简介简历,5862.0
24,查询人物个人资料简历,2026搜索,134,118,流量最高,庞众望简历及个人资料,4772.0
24,查询人物个人资料简历,2026搜索,134,118,流量最高,杨紫个人资料简介简历,3793.0
24,查询人物个人资料简历,2026搜索,134,118,随机,何健麒简历及个人资料简介,181.0
24,查询人物个人资料简历,2026搜索,134,118,随机,林心如个人资料简历,249.0
24,查询人物个人资料简历,2026搜索,134,118,随机,郝熠然的个人资料简介图片,274.0
27,查询部长级官员任职信息,2026搜索,36,4,流量最高,陈希 中组部,391.0
27,查询部长级官员任职信息,2026搜索,36,4,流量最高,统战部,279.0
27,查询部长级官员任职信息,2026搜索,36,4,流量最高,盐城市水利局罗利民,252.0
27,查询部长级官员任职信息,2026搜索,36,4,随机,外交官,214.0
15,查询人物身份与归属信息,2026搜索,31,31,流量最高,正后方的神威,4845.0
15,查询人物身份与归属信息,2026搜索,31,31,流量最高,李连成是哪里人简介,4727.0
15,查询人物身份与归属信息,2026搜索,31,31,流量最高,马克思的国籍是哪个国,1241.0
15,查询人物身份与归属信息,2026搜索,31,31,随机,蔡奇是哪里人,801.0
15,查询人物身份与归属信息,2026搜索,31,31,随机,李强是哪里人,353.0
15,查询人物身份与归属信息,2026搜索,31,31,随机,岳飞,862.0
18,查询个人背景与任职信息,2026搜索,21,21,流量最高,王家烈,4139.0
18,查询个人背景与任职信息,2026搜索,21,21,流量最高,章龄之,2078.0
18,查询个人背景与任职信息,2026搜索,21,21,流量最高,张宗昌,680.0
18,查询个人背景与任职信息,2026搜索,21,21,随机,刘在石,200.0
18,查询个人背景与任职信息,2026搜索,21,21,随机,赵强无锡,206.0
18,查询个人背景与任职信息,2026搜索,21,21,随机,赵强,183.0
45,查询明星娱乐八卦动态,2026搜索,98,89,流量最高,papi酱,4016.0
45,查询明星娱乐八卦动态,2026搜索,98,89,流量最高,梁朝伟汤唯原版在线,2718.0
45,查询明星娱乐八卦动态,2026搜索,98,89,流量最高,白玉兰获奖名单,2647.0
45,查询明星娱乐八卦动态,2026搜索,98,89,随机,杨紫微博,649.0
45,查询明星娱乐八卦动态,2026搜索,98,89,随机,浪姐6成团名单公布,293.0
45,查询明星娱乐八卦动态,2026搜索,98,89,随机,孙靓靓任职公示,487.0
59,查询习近平总书记个人信息与讲话,2026搜索,14,0,不引原文（该类该快照的行全部命中风控图层或引用护栏）,,
48,查询女性人物资料,2026搜索,28,26,流量最高,武则天,3273.0
48,查询女性人物资料,2026搜索,28,26,流量最高,慈禧,942.0
48,查询女性人物资料,2026搜索,28,26,流量最高,杨贵妃,709.0
48,查询女性人物资料,2026搜索,28,26,随机,太平公主,580.0
48,查询女性人物资料,2026搜索,28,26,随机,思蕊梵公主,346.0
48,查询女性人物资料,2026搜索,28,26,随机,香香公主,524.0
34,查询对象身份,2026搜索,59,55,流量最高,任仲平是谁?,2994.0
34,查询对象身份,2026搜索,59,55,流量最高,梓渝是谁?,1526.0
34,查询对象身份,2026搜索,59,55,流量最高,四大名著的作者是谁,1224.0
34,查询对象身份,2026搜索,59,55,随机,忆秦娥的原型是谁,358.0
34,查询对象身份,2026搜索,59,55,随机,成毅是谁,302.0
34,查询对象身份,2026搜索,59,55,随机,人民大会堂是谁设计的,265.0
16,查询鹿晗关晓彤近况与感情动态,2026搜索,6,5,流量最高,鹿晗,2410.0
16,查询鹿晗关晓彤近况与感情动态,2026搜索,6,5,流量最高,鹿晗个人简介,266.0
16,查询鹿晗关晓彤近况与感情动态,2026搜索,6,5,流量最高,鹿晗和关晓彤现在什么关系,219.0
16,查询鹿晗关晓彤近况与感情动态,2026搜索,6,5,随机,关晓彤鹿晗最新动态,209.0
16,查询鹿晗关晓彤近况与感情动态,2026搜索,6,5,随机,鹿晗原名叫什么?,194.0
43,查询人物图片,2026搜索,64,56,流量最高,林正英,2401.0
43,查询人物图片,2026搜索,64,56,流量最高,伊万诺夫图片大全,1877.0
43,查询人物图片,2026搜索,64,56,流量最高,初音未来,1699.0
43,查询人物图片,2026搜索,64,56,随机,何健麒图片,371.0
43,查询人物图片,2026搜索,64,56,随机,万千惠和三宝婚纱照迎宾照,280.0
43,查询人物图片,2026搜索,64,56,随机,东北雨姐,224.0
13,查询人物背景与个人生活,2026搜索,69,60,流量最高,李连成时代楷模,2196.0
13,查询人物背景与个人生活,2026搜索,69,60,流量最高,马苏现状如何,1217.0
13,查询人物背景与个人生活,2026搜索,69,60,流量最高,十大元帅的排名,1190.0
13,查询人物背景与个人生活,2026搜索,69,60,随机,博希来现在干嘛,263.0
13,查询人物背景与个人生活,2026搜索,69,60,随机,胖龙的小生活,248.0
13,查询人物背景与个人生活,2026搜索,69,60,随机,朱元璋杀功臣顺序一览表,262.0
9,明星百度影响力查询,2026搜索,144,144,流量最高,田栩宁百度影响力,2078.0
9,明星百度影响力查询,2026搜索,144,144,流量最高,于朦胧 百度影响力,2063.0
9,明星百度影响力查询,2026搜索,144,144,流量最高,于朦胧百度影响力,2060.0
9,明星百度影响力查询,2026搜索,144,144,随机,左奇函的影响力,189.0
9,明星百度影响力查询,2026搜索,144,144,随机,刘萧旭的影响力,199.0
9,明星百度影响力查询,2026搜索,144,144,随机,刘宇宁的百度明星影响力,356.0
20,党委书记及常委任职查询,2026搜索,66,0,不引原文（该类该快照的行全部命中风控图层或引用护栏）,,
46,查询人物配偶及亲属关系,2026搜索,38,17,流量最高,吴妈,2012.0
46,查询人物配偶及亲属关系,2026搜索,38,17,流量最高,妹爷应宝林,1297.0
46,查询人物配偶及亲属关系,2026搜索,38,17,流量最高,吴妈扮演者,1146.0
46,查询人物配偶及亲属关系,2026搜索,38,17,随机,儿子的妈妈,200.0
46,查询人物配偶及亲属关系,2026搜索,38,17,随机,薛姨妈李凤英出生年月,201.0
46,查询人物配偶及亲属关系,2026搜索,38,17,随机,海来阿木悼念早逝女儿,516.0
17,人物及机构基本信息查询,2026搜索,43,43,流量最高,石泰锋什么级别,1751.0
17,人物及机构基本信息查询,2026搜索,43,43,流量最高,陆治源现在担任什么职务,966.0
17,人物及机构基本信息查询,2026搜索,43,43,流量最高,恒大老板叫什么名字,865.0
17,人物及机构基本信息查询,2026搜索,43,43,随机,傅首尔面相是什么意思,262.0
17,人物及机构基本信息查询,2026搜索,43,43,随机,丁佩和李小龙是什么关系,198.0
17,人物及机构基本信息查询,2026搜索,43,43,随机,石泰锋现任什么职位,205.0
12,列举特定对象的重要成果与相关条目,2026搜索,8,8,流量最高,现任副总经理有哪几个,896.0
12,列举特定对象的重要成果与相关条目,2026搜索,8,8,流量最高,胡志明,434.0
12,列举特定对象的重要成果与相关条目,2026搜索,8,8,流量最高,当年明月,291.0
12,列举特定对象的重要成果与相关条目,2026搜索,8,8,随机,韩红名下的公司有哪些,291.0
12,列举特定对象的重要成果与相关条目,2026搜索,8,8,随机,老舍的代表作品有哪些,213.0
12,列举特定对象的重要成果与相关条目,2026搜索,8,8,随机,挪威队有哪些球星,216.0
19,人物年龄及属性查询,2026搜索,40,40,流量最高,特朗普年龄今年多大了,862.0
19,人物年龄及属性查询,2026搜索,40,40,流量最高,普京今年多大年龄,760.0
19,人物年龄及属性查询,2026搜索,40,40,流量最高,特朗普多少岁,728.0
19,人物年龄及属性查询,2026搜索,40,40,随机,胡绵 涛多少岁了,187.0
19,人物年龄及属性查询,2026搜索,40,40,随机,白上咲花多少岁,441.0
19,人物年龄及属性查询,2026搜索,40,40,随机,范丞丞多大,216.0
21,省级党委书记任免查询,2026搜索,1,0,不引原文（该类该快照的行全部命中风控图层或引用护栏）,,
13,查询人物背景与个人生活,助手头部1k,64,55,流量最高,孙宇晨的个人生活如何,916.0
13,查询人物背景与个人生活,助手头部1k,64,55,流量最高,王皓祯现在脚部恢复得如何,789.0
13,查询人物背景与个人生活,助手头部1k,64,55,流量最高,孙宇晨的家族背景如何,700.0
13,查询人物背景与个人生活,助手头部1k,64,55,随机,尼泊尔楼坚强为何能挺过山洪,150.0
13,查询人物背景与个人生活,助手头部1k,64,55,随机,杨伊璐和于龙的感情如何,270.0
13,查询人物背景与个人生活,助手头部1k,64,55,随机,王皓祯现在脚部恢复得如何,789.0
45,查询明星娱乐八卦动态,助手头部1k,94,87,流量最高,景甜,9477.0
45,查询明星娱乐八卦动态,助手头部1k,94,87,流量最高,孙宇晨 我的女友景甜,1150.0
45,查询明星娱乐八卦动态,助手头部1k,94,87,流量最高,我的女友景甜,943.0
45,查询明星娱乐八卦动态,助手头部1k,94,87,随机,赵丽颖辛芷蕾成影后受害者,188.0
45,查询明星娱乐八卦动态,助手头部1k,94,87,随机,景甜孙宇晨,648.0
45,查询明星娱乐八卦动态,助手头部1k,94,87,随机,王嘉尔舒淇大理即兴共舞,108.0
32,人物个人简介查询,助手头部1k,6,6,流量最高,景甜个人简介,2040.0
32,人物个人简介查询,助手头部1k,6,6,流量最高,井柏然个人简介,499.0
32,人物个人简介查询,助手头部1k,6,6,流量最高,包贝尔个人简介,292.0
32,人物个人简介查询,助手头部1k,6,6,随机,赵长鹏个人简介,135.0
32,人物个人简介查询,助手头部1k,6,6,随机,景甜个人简介,2040.0
32,人物个人简介查询,助手头部1k,6,6,随机,包贝尔个人简介,292.0
52,人名信息查询,助手头部1k,38,38,流量最高,刘亦菲,546.0
52,人名信息查询,助手头部1k,38,38,流量最高,王菲,493.0
52,人名信息查询,助手头部1k,38,38,流量最高,赵丽颖,493.0
52,人名信息查询,助手头部1k,38,38,随机,古力娜扎,442.0
52,人名信息查询,助手头部1k,38,38,随机,王菲,493.0
52,人名信息查询,助手头部1k,38,38,随机,刘亦菲,546.0
50,人物角色资料查询,助手头部1k,13,10,流量最高,宋美龄,205.0
50,人物角色资料查询,助手头部1k,13,10,流量最高,蓝盈莹成都吃兔头,191.0
50,人物角色资料查询,助手头部1k,13,10,流量最高,十岁少女,173.0
50,人物角色资料查询,助手头部1k,13,10,随机,波多野结衣,161.0
50,人物角色资料查询,助手头部1k,13,10,随机,草间弥生,121.0
50,人物角色资料查询,助手头部1k,13,10,随机,宋美龄,205.0
39,名称含义查询,助手头部1k,28,28,流量最高,奥特曼,593.0
39,名称含义查询,助手头部1k,28,28,流量最高,白鹿,535.0
39,名称含义查询,助手头部1k,28,28,流量最高,苍井空,394.0
39,名称含义查询,助手头部1k,28,28,随机,夏天,174.0
39,名称含义查询,助手头部1k,28,28,随机,孟子义,309.0
39,名称含义查询,助手头部1k,28,28,随机,漫蛙,221.0
10,百度送花明星影响力查询,助手头部1k,2,2,流量最高,《深入治疗》BY雨山前百度,183.0
10,百度送花明星影响力查询,助手头部1k,2,2,流量最高,梓渝的百度送花影响力,114.0
1,人物资料查询,助手头部1k,414,413,流量最高,孙宇晨,7878.0
1,人物资料查询,助手头部1k,414,413,流量最高,陈武,2343.0
1,人物资料查询,助手头部1k,414,413,流量最高,孙宇晨,2218.0
1,人物资料查询,助手头部1k,414,413,随机,演员名字,221.0
1,人物资料查询,助手头部1k,414,413,随机,顾铁柱,548.0
1,人物资料查询,助手头部1k,414,413,随机,哥,466.0
0,专名信息查询,助手头部1k,36,35,流量最高,丁禹兮,695.0
0,专名信息查询,助手头部1k,36,35,流量最高,嗯哼,462.0
0,专名信息查询,助手头部1k,36,35,流量最高,年龄,441.0
0,专名信息查询,助手头部1k,36,35,随机,初中生,245.0
0,专名信息查询,助手头部1k,36,35,随机,苗阜,143.0
0,专名信息查询,助手头部1k,36,35,随机,刀郎,138.0
12,列举特定对象的重要成果与相关条目,助手头部1k,12,11,流量最高,叶童获得过哪些重要奖项,384.0
12,列举特定对象的重要成果与相关条目,助手头部1k,12,11,流量最高,刘宇宁获得过哪些音乐奖项,240.0
12,列举特定对象的重要成果与相关条目,助手头部1k,12,11,流量最高,孙宇晨的争议事件有哪些,202.0
12,列举特定对象的重要成果与相关条目,助手头部1k,12,11,随机,叶童获得过哪些重要奖项,384.0
12,列举特定对象的重要成果与相关条目,助手头部1k,12,11,随机,张函瑞的演艺经历有哪些,123.0
12,列举特定对象的重要成果与相关条目,助手头部1k,12,11,随机,刘宇宁获得过哪些音乐奖项,240.0
25,官员职务及履历查询,助手头部1k,10,2,流量最高,李克强,354.0
25,官员职务及履历查询,助手头部1k,10,2,流量最高,特朗普,135.0
34,查询对象身份,助手头部1k,42,35,流量最高,这是谁？,2289.0
34,查询对象身份,助手头部1k,42,35,流量最高,这个是谁,1105.0
34,查询对象身份,助手头部1k,42,35,流量最高,这个人是谁？,1044.0
34,查询对象身份,助手头部1k,42,35,随机,图中人物是谁,304.0
34,查询对象身份,助手头部1k,42,35,随机,这个角色是谁,160.0
34,查询对象身份,助手头部1k,42,35,随机,作者是谁？,319.0
26,查询中国中央党政军领导成员名单与职务,助手头部1k,13,9,流量最高,毛泽东,844.0
26,查询中国中央党政军领导成员名单与职务,助手头部1k,13,9,流量最高,胡锦涛,549.0
26,查询中国中央党政军领导成员名单与职务,助手头部1k,13,9,流量最高,江泽民,545.0
26,查询中国中央党政军领导成员名单与职务,助手头部1k,13,9,随机,现有的正国级干部名单,125.0
26,查询中国中央党政军领导成员名单与职务,助手头部1k,13,9,随机,邓小平,409.0
26,查询中国中央党政军领导成员名单与职务,助手头部1k,13,9,随机,毛泽东,844.0
37,查询习近平个人资料与讲话,助手头部1k,2,2,流量最高,习近平,1183.0
37,查询习近平个人资料与讲话,助手头部1k,2,2,流量最高,习近平简历,142.0
17,人物及机构基本信息查询,助手头部1k,33,24,流量最高,孙宇晨的财富来源是什么,1291.0
17,人物及机构基本信息查询,助手头部1k,33,24,流量最高,孙宇晨的个人背景是什么,694.0
17,人物及机构基本信息查询,助手头部1k,33,24,流量最高,他叫什么名字？,459.0
17,人物及机构基本信息查询,助手头部1k,33,24,随机,叶建春的个人背景是什么,129.0
17,人物及机构基本信息查询,助手头部1k,33,24,随机,孙宇晨是干什么的,186.0
17,人物及机构基本信息查询,助手头部1k,33,24,随机,她叫什么名字,444.0
15,查询人物身份与归属信息,助手头部1k,15,15,流量最高,请问图中是哪位名人？,2014.0
15,查询人物身份与归属信息,助手头部1k,15,15,流量最高,哪里人,543.0
15,查询人物身份与归属信息,助手头部1k,15,15,流量最高,像哪个明星,451.0
15,查询人物身份与归属信息,助手头部1k,15,15,随机,这是哪个博主,199.0
15,查询人物身份与归属信息,助手头部1k,15,15,随机,这是哪个角色,257.0
15,查询人物身份与归属信息,助手头部1k,15,15,随机,是哪里人,157.0
43,查询人物图片,助手头部1k,15,14,流量最高,照片,1382.0
43,查询人物图片,助手头部1k,15,14,流量最高,照片,575.0
43,查询人物图片,助手头部1k,15,14,流量最高,有照片吗,509.0
43,查询人物图片,助手头部1k,15,14,随机,照片,1382.0
43,查询人物图片,助手头部1k,15,14,随机,照片,157.0
43,查询人物图片,助手头部1k,15,14,随机,有他的照片吗,138.0
36,人物简历查询,助手头部1k,4,4,流量最高,简历,403.0
36,人物简历查询,助手头部1k,4,4,流量最高,陈武简历,400.0
36,人物简历查询,助手头部1k,4,4,流量最高,叶建春简历,210.0
36,人物简历查询,助手头部1k,4,4,随机,陈武简历,400.0
51,查询女性人物及角色信息,助手头部1k,15,14,流量最高,女生,508.0
51,查询女性人物及角色信息,助手头部1k,15,14,流量最高,这个女演员是谁,273.0
51,查询女性人物及角色信息,助手头部1k,15,14,流量最高,女人,250.0
51,查询女性人物及角色信息,助手头部1k,15,14,随机,这女的叫什么名字,122.0
51,查询女性人物及角色信息,助手头部1k,15,14,随机,这个女演员是谁,273.0
51,查询女性人物及角色信息,助手头部1k,15,14,随机,女演员是谁,187.0
27,查询部长级官员任职信息,助手头部1k,1,1,流量最高,大哥小助理,252.0
22,美女图片查询,助手头部1k,9,1,流量最高,欧美dj,251.0
46,查询人物配偶及亲属关系,助手头部1k,5,1,流量最高,女婿,130.0
19,人物年龄及属性查询,助手头部1k,2,2,流量最高,孙宇晨的资产有多少,133.0
19,人物年龄及属性查询,助手头部1k,2,2,流量最高,胡锦涛的任期是多久,109.0
38,查询含“马”字人物信息,助手头部1k,4,4,流量最高,履历,185.0
38,查询含“马”字人物信息,助手头部1k,4,4,流量最高,马云,165.0
38,查询含“马”字人物信息,助手头部1k,4,4,流量最高,马未都,133.0
38,查询含“马”字人物信息,助手头部1k,4,4,随机,马跃,109.0
18,查询个人背景与任职信息,助手头部1k,3,3,流量最高,郭德纲是否会被封杀,220.0
18,查询个人背景与任职信息,助手头部1k,3,3,流量最高,张又浃是否已被判刑,212.0
18,查询个人背景与任职信息,助手头部1k,3,3,流量最高,路征是否已婚,186.0
20,党委书记及常委任职查询,助手头部1k,3,0,不引原文（该类该快照的行全部命中风控图层或引用护栏）,,
48,查询女性人物资料,助手头部1k,1,1,流量最高,武则天,114.0
35,肖战个人资料简介查询,助手头部1k,1,1,流量最高,肖战,1389.0
24,查询人物个人资料简历,助手头部1k,1,0,不引原文（该类该快照的行全部命中风控图层或引用护栏）,,
49,鞠婧祎资料与送花影响力查询,助手头部1k,1,1,流量最高,鞠婧祎,434.0
28,领导班子成员名单查询,助手头部1k,1,0,不引原文（该类该快照的行全部命中风控图层或引用护栏）,,
16,查询鹿晗关晓彤近况与感情动态,助手头部1k,1,1,流量最高,鹿晗,112.0
51,查询女性人物及角色信息,助手随机1k,8,7,流量最高,omocat是男的女的,1.0
51,查询女性人物及角色信息,助手随机1k,8,7,流量最高,她为何三次竞选总统都未成功,1.0
51,查询女性人物及角色信息,助手随机1k,8,7,流量最高,徦面女郎,1.0
51,查询女性人物及角色信息,助手随机1k,8,7,随机,袁术时期所有有名的女人,1.0
51,查询女性人物及角色信息,助手随机1k,8,7,随机,美国女演员票房前二十（旧坞新坞一起算）,1.0
51,查询女性人物及角色信息,助手随机1k,8,7,随机,给我一份女星榜排名,1.0
13,查询人物背景与个人生活,助手随机1k,269,245,流量最高,主持人名字,8.0
13,查询人物背景与个人生活,助手随机1k,269,245,流量最高,叶建春的背景和经历,6.0
13,查询人物背景与个人生活,助手随机1k,269,245,流量最高,朱德的扁担,3.0
13,查询人物背景与个人生活,助手随机1k,269,245,随机,山东曹姓老板中谁最有名,1.0
13,查询人物背景与个人生活,助手随机1k,269,245,随机,杨婷在天津和平区滨江道鼎艺摄影有担任职务吗,1.0
13,查询人物背景与个人生活,助手随机1k,269,245,随机,Mew、Tul泰星家里富裕吗,1.0
12,列举特定对象的重要成果与相关条目,助手随机1k,115,104,流量最高,曾晟的违纪违法细节有哪些,4.0
12,列举特定对象的重要成果与相关条目,助手随机1k,115,104,流量最高,孙宇晨的个人财富来源有哪些,2.0
12,列举特定对象的重要成果与相关条目,助手随机1k,115,104,流量最高,常红卫涉嫌哪些违纪违法问题,2.0
12,列举特定对象的重要成果与相关条目,助手随机1k,115,104,随机,徐丽华老师担任过哪些班主任,1.0
12,列举特定对象的重要成果与相关条目,助手随机1k,115,104,随机,孟尝君与哪些国家有外交关系,1.0
12,列举特定对象的重要成果与相关条目,助手随机1k,115,104,随机,蓝小燕老师有哪些教学成果,1.0
18,查询个人背景与任职信息,助手随机1k,95,90,流量最高,曾仁海是否被调查,3.0
18,查询个人背景与任职信息,助手随机1k,95,90,流量最高,吕佳容是否真的退圈了,2.0
18,查询个人背景与任职信息,助手随机1k,95,90,流量最高,李红军是否有新的职务调整,2.0
18,查询个人背景与任职信息,助手随机1k,95,90,随机,吴其轺是否有过其他感情经历,1.0
18,查询个人背景与任职信息,助手随机1k,95,90,随机,沈霞老师是否还在海门中南中学任教,1.0
18,查询个人背景与任职信息,助手随机1k,95,90,随机,呼和浩特实验中学东河校区初一三班杜雨欣,1.0
26,查询中国中央党政军领导成员名单与职务,助手随机1k,13,7,流量最高,历届院长,2.0
26,查询中国中央党政军领导成员名单与职务,助手随机1k,13,7,流量最高,红星照耀中国毛泽东的经典言行,2.0
26,查询中国中央党政军领导成员名单与职务,助手随机1k,13,7,流量最高,商河产投集团历任董事长,1.0
26,查询中国中央党政军领导成员名单与职务,助手随机1k,13,7,随机,毛泽东的八字命理解析,1.0
26,查询中国中央党政军领导成员名单与职务,助手随机1k,13,7,随机,政界知名校友,1.0
26,查询中国中央党政军领导成员名单与职务,助手随机1k,13,7,随机,广水纪检委各科室负责人名单,1.0
34,查询对象身份,助手随机1k,42,36,流量最高,明珍珍是谁,4.0
34,查询对象身份,助手随机1k,42,36,流量最高,上海启橙供应链管理有限公司的法定代表人是谁,1.0
34,查询对象身份,助手随机1k,42,36,流量最高,星宇股份的HR总监是谁,1.0
34,查询对象身份,助手随机1k,42,36,随机,主播，这个人是,1.0
34,查询对象身份,助手随机1k,42,36,随机,这4名中国合伙人是谁,1.0
34,查询对象身份,助手随机1k,42,36,随机,临沧市金融监管局办公室主任是谁,1.0
39,名称含义查询,助手随机1k,8,7,流量最高,菩珠 蓬莱客,3.0
39,名称含义查询,助手随机1k,8,7,流量最高,Seven Eleven,1.0
39,名称含义查询,助手随机1k,8,7,流量最高,无赖汉,1.0
39,名称含义查询,助手随机1k,8,7,随机,菩珠 蓬莱客,3.0
39,名称含义查询,助手随机1k,8,7,随机,美团肥嘟嘟,1.0
39,名称含义查询,助手随机1k,8,7,随机,沧州市消防器材厂法人代表,1.0
0,专名信息查询,助手随机1k,34,32,流量最高,高岗与饶漱石,7.0
0,专名信息查询,助手随机1k,34,32,流量最高,小兄弟,5.0
0,专名信息查询,助手随机1k,34,32,流量最高,博德闪耀奈梅亨,2.0
0,专名信息查询,助手随机1k,34,32,随机,单树东可以吗,1.0
0,专名信息查询,助手随机1k,34,32,随机,盲猜是GQJAPAN采访时拍的,1.0
0,专名信息查询,助手随机1k,34,32,随机,八尺先生,1.0
45,查询明星娱乐八卦动态,助手随机1k,43,41,流量最高,徐朵近期活动,2.0
45,查询明星娱乐八卦动态,助手随机1k,43,41,流量最高,艾玛琼斯后续发展,2.0
45,查询明星娱乐八卦动态,助手随机1k,43,41,流量最高,一国两次婚,1.0
45,查询明星娱乐八卦动态,助手随机1k,43,41,随机,小丽，在不在？,1.0
45,查询明星娱乐八卦动态,助手随机1k,43,41,随机,佘诗曼微信指数历史数据有吗,1.0
45,查询明星娱乐八卦动态,助手随机1k,43,41,随机,王儿姁和姐姐王娡谁更受宠,1.0
17,人物及机构基本信息查询,助手随机1k,92,82,流量最高,郑有美属什么生肖？,3.0
17,人物及机构基本信息查询,助手随机1k,92,82,流量最高,孟景伟离开安庆市的原因是什么,2.0
17,人物及机构基本信息查询,助手随机1k,92,82,流量最高,叶群锋现在担任什么职务,2.0
17,人物及机构基本信息查询,助手随机1k,92,82,随机,赵屹杰这个角色对剧情有什么影响,1.0
17,人物及机构基本信息查询,助手随机1k,92,82,随机,林子卓的背景信息是什么,1.0
17,人物及机构基本信息查询,助手随机1k,92,82,随机,贺子珍离开毛泽东的真正原因是什么,1.0
43,查询人物图片,助手随机1k,15,14,流量最高,三角洲行动曲狱长的图片,1.0
43,查询人物图片,助手随机1k,15,14,流量最高,初音未来全身超高清图片,1.0
43,查询人物图片,助手随机1k,15,14,流量最高,山歌追上云朵的唱这首歌的央金拉姆的照片是怎样的真？,1.0
43,查询人物图片,助手随机1k,15,14,随机,谢界鹏的照片,1.0
43,查询人物图片,助手随机1k,15,14,随机,林微因年轻照片,1.0
43,查询人物图片,助手随机1k,15,14,随机,张惠妹的图片,1.0
20,党委书记及常委任职查询,助手随机1k,9,0,不引原文（该类该快照的行全部命中风控图层或引用护栏）,,
1,人物资料查询,助手随机1k,82,81,流量最高,谭凯,72.0
1,人物资料查询,助手随机1k,82,81,流量最高,王奎荣,48.0
1,人物资料查询,助手随机1k,82,81,流量最高,汪小菲,8.0
1,人物资料查询,助手随机1k,82,81,随机,秘书长王长久,1.0
1,人物资料查询,助手随机1k,82,81,随机,李信还是韩信？,1.0
1,人物资料查询,助手随机1k,82,81,随机,王琦会选择曹夏还是魏云,1.0
15,查询人物身份与归属信息,助手随机1k,36,34,流量最高,田齐和姜齐哪个更强大,2.0
15,查询人物身份与归属信息,助手随机1k,36,34,流量最高,东方歌舞团歌手远征哪年生人,1.0
15,查询人物身份与归属信息,助手随机1k,36,34,流量最高,脾胃圣手王兰在是哪个地方的？在什么地方？家在什么地方？,1.0
15,查询人物身份与归属信息,助手随机1k,36,34,随机,古特雷斯是哪个国家的人物,1.0
15,查询人物身份与归属信息,助手随机1k,36,34,随机,白海涛的在职硕士是哪里毕业的,1.0
15,查询人物身份与归属信息,助手随机1k,36,34,随机,前一段时间，哪位被判无期徒刑，不得减刑,1.0
21,省级党委书记任免查询,助手随机1k,1,1,流量最高,两人都在新疆有过关联,1.0
32,人物个人简介查询,助手随机1k,2,2,流量最高,主持人邹韵的个人简介,3.0
32,人物个人简介查询,助手随机1k,2,2,流量最高,主持人王芳个人简介,2.0
48,查询女性人物资料,助手随机1k,4,4,流量最高,马皇后,7.0
48,查询女性人物资料,助手随机1k,4,4,流量最高,九尾狐族的公主,1.0
48,查询女性人物资料,助手随机1k,4,4,流量最高,孝惠章皇后为何没有子嗣,1.0
48,查询女性人物资料,助手随机1k,4,4,随机,马皇后,7.0
50,人物角色资料查询,助手随机1k,9,8,流量最高,自拟一位身为渡羽门的二师姐黄发少女详细介绍,4.0
50,人物角色资料查询,助手随机1k,9,8,流量最高,人家魅魔卡洛特是个正太，娜丽雅是少女,1.0
50,人物角色资料查询,助手随机1k,9,8,流量最高,午夜香吻,1.0
50,人物角色资料查询,助手随机1k,9,8,随机,女作家戴晴,1.0
50,人物角色资料查询,助手随机1k,9,8,随机,豆姐还是碳基生物吗,1.0
50,人物角色资料查询,助手随机1k,9,8,随机,自拟一位身为渡羽门的二师姐黄发少女详细介绍,4.0
19,人物年龄及属性查询,助手随机1k,27,26,流量最高,景甜的真实身价是多少,7.0
19,人物年龄及属性查询,助手随机1k,27,26,流量最高,他多大岁数，男的女的,1.0
19,人物年龄及属性查询,助手随机1k,27,26,流量最高,陆校长的年龄,1.0
19,人物年龄及属性查询,助手随机1k,27,26,随机,周丹局长的具体年龄和籍贯是多少,1.0
19,人物年龄及属性查询,助手随机1k,27,26,随机,尹裕廷的出生年份是多少,1.0
19,人物年龄及属性查询,助手随机1k,27,26,随机,周会老师多少岁了？,1.0
25,官员职务及履历查询,助手随机1k,5,1,流量最高,国总统,1.0
52,人名信息查询,助手随机1k,5,5,流量最高,玛丽亚凯莉,3.0
52,人名信息查询,助手随机1k,5,5,流量最高,你是柳依,1.0
52,人名信息查询,助手随机1k,5,5,流量最高,凯特琳·比德尔斯,1.0
52,人名信息查询,助手随机1k,5,5,随机,李娜专题片,1.0
52,人名信息查询,助手随机1k,5,5,随机,玛丽亚凯莉,3.0
9,明星百度影响力查询,助手随机1k,5,5,流量最高,傅谨案例对影视学术评价有何影响,1.0
9,明星百度影响力查询,助手随机1k,5,5,流量最高,日本男星中谁最具有国际影响力,1.0
9,明星百度影响力查询,助手随机1k,5,5,流量最高,曾国藩的三甲进士身份有何影响,1.0
9,明星百度影响力查询,助手随机1k,5,5,随机,这些外籍明星里谁最有影响力,1.0
9,明星百度影响力查询,助手随机1k,5,5,随机,陈楚生夺冠对内地乐坛有何影响,1.0
28,领导班子成员名单查询,助手随机1k,12,3,流量最高,彭加锦在响水县四套班子中的排名,1.0
28,领导班子成员名单查询,助手随机1k,12,3,流量最高,目前领导层及各大业务模块领导层,1.0
28,领导班子成员名单查询,助手随机1k,12,3,流量最高,贵州财经大学现任领导中谁的籍贯最接近四川,1.0
46,查询人物配偶及亲属关系,助手随机1k,3,2,流量最高,洪金宝在大陆的媳妇,1.0
46,查询人物配偶及亲属关系,助手随机1k,3,2,流量最高,黎明女儿长大后像谁,1.0
27,查询部长级官员任职信息,助手随机1k,2,0,不引原文（该类该快照的行全部命中风控图层或引用护栏）,,
36,人物简历查询,助手随机1k,7,7,流量最高,威宁县第一小学刘星简历,1.0
36,人物简历查询,助手随机1k,7,7,流量最高,尉氏县检察院原检察长孙军鹏简历,1.0
36,人物简历查询,助手随机1k,7,7,流量最高,市政府何渡简历,1.0
36,人物简历查询,助手随机1k,7,7,随机,肖开斌的湖南简历详细版在哪里可以找到,1.0
36,人物简历查询,助手随机1k,7,7,随机,沈阳铁路局许仲仁简历 民国时期,1.0
36,人物简历查询,助手随机1k,7,7,随机,张路老师的简历,1.0
22,美女图片查询,助手随机1k,4,0,不引原文（该类该快照的行全部命中风控图层或引用护栏）,,
38,查询含“马”字人物信息,助手随机1k,1,1,流量最高,核能马斌,1.0
14,七一勋章获得者信息查询,助手随机1k,1,1,流量最高,罗月获得了个人奖？,1.0
37,查询习近平个人资料与讲话,助手随机1k,1,1,流量最高,马云和习近平。谁的钱多？,1.0
