sid,_row,source,query,bu_leaf,td_l2,抽样权重,叶名
VER0000,111,2025search,同宇新材值得申购吗?,30,VERDICT_QUESTION__1,1.0,股票行情与选股建议查询
VER0001,193,2025search,今天港股休市吗,30,VERDICT_QUESTION__1,1.0,股票行情与选股建议查询
VER0002,425,2025search,港股今天休市吗,30,VERDICT_QUESTION__1,1.0,股票行情与选股建议查询
VER0003,837,2025search,众安保险可靠吗?能买吗?,18,VERDICT_QUESTION__1,1.0,查询保险相关业务
VER0004,1140,2025search,港股7月1号休市吗,30,VERDICT_QUESTION__1,1.0,股票行情与选股建议查询
VER0005,1896,2025search,车损险有必要买吗,19,VERDICT_QUESTION__1,1.0,车险购买与理赔咨询
VER0006,2374,2025search,银行卡到期了还能正常使用吗,48,VERDICT_QUESTION__2,1.0,银行卡业务查询与办理指导
VER0007,2445,2025search,银行卡过期后还能继续使用吗,48,VERDICT_QUESTION__2,1.0,银行卡业务查询与办理指导
VER0008,2513,2025search,汇正财经服务费能退吗,10,VERDICT_QUESTION__2,1.0,查询转账与账户业务可行性
VER0009,2553,2025search,拍拍贷正规合法的吗,15,VERDICT_QUESTION__2,1.0,查询借款平台正规性
VER0010,2572,2025search,花呗分期可以提前还款吗,9,VERDICT_QUESTION__2,1.0,贷款提前还款查询
VER0011,2793,2025search,余额宝存钱安全可靠吗,10,VERDICT_QUESTION__2,1.0,查询转账与账户业务可行性
VER0012,2856,2025search,申能财产保险是正规公司吗,17,VERDICT_QUESTION__1,1.0,查询保险公司信息
VER0013,3034,2025search,定期存款可以提前取吗,70,VERDICT_QUESTION__2,1.0,查询定期存款利率
VER0014,3160,2025search,汇正财经炒股帮可靠吗,10,VERDICT_QUESTION__1,1.0,查询转账与账户业务可行性
VER0015,3585,2025search,银行卡丢了可以补办原卡号吗,48,VERDICT_QUESTION__2,1.0,银行卡业务查询与办理指导
VER0016,3628,2025search,招商银行是国企还是私企,49,VERDICT_QUESTION__2,1.0,银行信息查询
VER0017,3669,2025search,收款码可以发给别人吗安全吗,10,VERDICT_QUESTION__2,1.0,查询转账与账户业务可行性
VER0018,3842,2025search,7月1号港股休市吗,30,VERDICT_QUESTION__1,1.0,股票行情与选股建议查询
VER0019,3870,2025search,支付宝余额宝有没有风险,44,VERDICT_QUESTION__1,1.0,支付宝相关操作查询
VER0020,3918,2025search,未成年可以办银行卡吗,48,VERDICT_QUESTION__2,1.0,银行卡业务查询与办理指导
VER0021,3971,2025search,借记卡是信用卡吗,47,VERDICT_QUESTION__2,1.0,查询办理信用卡业务
VER0022,4495,2025search,今天香港股市休市吗?,27,VERDICT_QUESTION__1,1.0,查询市场行情
VER0023,4520,2025search,上海汇正财经服务费能退吗,10,VERDICT_QUESTION__2,1.0,查询转账与账户业务可行性
VER0024,4631,2025search,瑞众人寿保险可靠吗,16,VERDICT_QUESTION__1,1.0,查询人寿保险相关业务信息
VER0025,5172,2025search,自然灾害车子损坏保险会赔吗,19,VERDICT_QUESTION__1,1.0,车险购买与理赔咨询
VER0026,5641,2025search,信用卡可以转账吗,47,VERDICT_QUESTION__2,1.0,查询办理信用卡业务
VER0027,5692,2025search,银行卡注销了还能查到流水吗,48,VERDICT_QUESTION__2,1.0,银行卡业务查询与办理指导
VER0028,5824,2025search,中国人寿是国企还是央企,16,VERDICT_QUESTION__1,1.0,查询人寿保险相关业务信息
VER0029,5941,2025search,银行中午能办业务吗,49,VERDICT_QUESTION__2,1.0,银行信息查询
VER0030,6007,2025search,众安保险可靠吗能买吗?,18,VERDICT_QUESTION__1,1.0,查询保险相关业务
VER0031,6093,2025search,存折不是本人能取钱吗,10,VERDICT_QUESTION__2,1.0,查询转账与账户业务可行性
VER0032,6195,2025search,申能财险是正规保险公司吗,17,VERDICT_QUESTION__1,1.0,查询保险公司信息
VER0033,6234,2025search,公户转账转给个人私户可以吗,10,VERDICT_QUESTION__2,1.0,查询转账与账户业务可行性
VER0034,6254,2025search,微信可以绑定别人银行卡不?,48,VERDICT_QUESTION__2,1.0,银行卡业务查询与办理指导
VER0035,6345,2025search,2025年7月1日港股休市吗,66,VERDICT_QUESTION__1,1.0,金融行情数据查询
VER0036,6490,2025search,零钱通有风险吗,10,VERDICT_QUESTION__1,1.0,查询转账与账户业务可行性
VER0037,6520,2025search,香港股市今天休市吗?,27,VERDICT_QUESTION__1,1.0,查询市场行情
VER0038,6535,2025search,cny是人民币吗,36,VERDICT_QUESTION__1,1.0,人民币及货币信息查询
VER0039,6578,2025search,对公账户的钱可以转到私人账户吗,10,VERDICT_QUESTION__2,1.0,查询转账与账户业务可行性
VER0040,6582,2025search,农商银行是农村信用社吗,50,VERDICT_QUESTION__2,1.0,农业银行及农村信用社服务信息查询
VER0041,6604,2025search,微信理财通安全吗 风险有多大,10,VERDICT_QUESTION__1,1.0,查询转账与账户业务可行性
VER0042,6691,2025search,支付宝账号是不是手机号,44,VERDICT_QUESTION__2,1.0,支付宝相关操作查询
VER0043,6904,2025search,云闪付是干什么的?安全吗?,43,VERDICT_QUESTION__1,1.0,支付方式使用与设置查询
VER0044,7021,2025search,农村商业银行属于什么银行,50,VERDICT_QUESTION__2,1.0,农业银行及农村信用社服务信息查询
VER0045,7074,2025search,16岁可以办银行卡吗,48,VERDICT_QUESTION__2,1.0,银行卡业务查询与办理指导
VER0046,7122,2025search,答题万福300元能提现吗,1,VERDICT_QUESTION__2,1.0,查询300开头股票代码与行情
VER0047,7161,2025search,借记卡是储蓄卡吗,48,VERDICT_QUESTION__2,1.0,银行卡业务查询与办理指导
VER0048,7516,2025search,富德生命人寿保险可靠吗?,16,VERDICT_QUESTION__1,1.0,查询人寿保险相关业务信息
VER0049,7737,2025search,办银行卡要钱吗,48,VERDICT_QUESTION__2,1.0,银行卡业务查询与办理指导
VER0050,7873,2025search,民生银行是国企还是私企,49,VERDICT_QUESTION__2,1.0,银行信息查询
VER0051,7948,2025search,信用卡可以取现金出来吗,47,VERDICT_QUESTION__2,1.0,查询办理信用卡业务
VER0052,8009,2025search,atm机可以跨行存钱吗,10,VERDICT_QUESTION__2,1.0,查询转账与账户业务可行性
VER0053,8091,2025search,港股今天开盘吗?,30,VERDICT_QUESTION__1,1.0,股票行情与选股建议查询
VER0054,8131,2025search,银行理财产品安全可靠吗,10,VERDICT_QUESTION__2,1.0,查询转账与账户业务可行性
VER0055,8261,2025search,身份证过期影响银行卡的正常使用吗,48,VERDICT_QUESTION__2,1.0,银行卡业务查询与办理指导
VER0056,8285,2025search,腾讯理财通可靠吗安全吗,10,VERDICT_QUESTION__1,1.0,查询转账与账户业务可行性
VER0057,8408,2025search,存单丢了还能取出存款吗,70,VERDICT_QUESTION__2,1.0,查询定期存款利率
VER0058,8466,2025search,抖音支付绑定银行卡安全吗可靠吗,48,VERDICT_QUESTION__2,1.0,银行卡业务查询与办理指导
VER0059,8514,2025search,淘宝可以用微信支付吗,43,VERDICT_QUESTION__2,1.0,支付方式使用与设置查询
VER0060,8522,2025search,存折可以在自动取款机上取钱吗,10,VERDICT_QUESTION__2,1.0,查询转账与账户业务可行性
VER0061,8572,2025search,中信银行是国企还是私企,49,VERDICT_QUESTION__2,1.0,银行信息查询
VER0062,8646,2025search,天灾保险公司赔偿吗,17,VERDICT_QUESTION__1,1.0,查询保险公司信息
VER0063,8801,2025search,瑞众保险是央企还是国企,18,VERDICT_QUESTION__1,1.0,查询保险相关业务
VER0064,8823,2025search,贷记卡是信用卡吗,47,VERDICT_QUESTION__2,1.0,查询办理信用卡业务
VER0065,9035,2025search,银行卡会过期吗,48,VERDICT_QUESTION__2,1.0,银行卡业务查询与办理指导
VER0066,9187,2025search,定期存款可以提前取出来吗,70,VERDICT_QUESTION__2,1.0,查询定期存款利率
VER0067,9222,2025search,余额宝有风险吗,19,VERDICT_QUESTION__1,1.0,车险购买与理赔咨询
VER0068,9259,2025search,7月1日港股通不能交易吗,30,VERDICT_QUESTION__1,1.0,股票行情与选股建议查询
VER0069,9288,2025search,结构性存款属于存款还是理财,70,VERDICT_QUESTION__2,1.0,查询定期存款利率
VER0070,9423,2025search,未满十八岁可以办银行卡吗,48,VERDICT_QUESTION__2,1.0,银行卡业务查询与办理指导
VER0071,9455,2025search,分转商城借钱是真的吗,10,VERDICT_QUESTION__2,1.0,查询转账与账户业务可行性
VER0072,9519,2025search,办银行卡需要钱吗,48,VERDICT_QUESTION__2,1.0,银行卡业务查询与办理指导
VER0073,9557,2025search,"保险交满后,可以拿回全部本金吗",18,VERDICT_QUESTION__1,1.0,查询保险相关业务
VER0074,9651,2025search,美团月付上征信吗,14,VERDICT_QUESTION__2,1.0,个人征信报告查询与影响咨询
VER0075,9686,2025search,光大银行是国企还是央企,49,VERDICT_QUESTION__2,1.0,银行信息查询
VER0076,9726,2025search,花呗可以提现吗,13,VERDICT_QUESTION__2,1.0,花呗操作查询
VER0077,9794,2025search,平安普惠合法吗?欠款需要还吗,9,VERDICT_QUESTION__2,1.0,贷款提前还款查询
VER0078,9833,2025search,太平洋保险是国企还是私企,18,VERDICT_QUESTION__1,1.0,查询保险相关业务
VER0079,9990,2025search,转账记录删了还能查出来吗,10,VERDICT_QUESTION__2,1.0,查询转账与账户业务可行性
VER0080,14663,2025search_rand,"手机没有下载银行,会被诈骗吗",49,VERDICT_QUESTION__2,7.253333333333333,银行信息查询
VER0081,14515,2025search_rand,理财产品在哪里存的是不是必须在哪里取,10,VERDICT_QUESTION__2,7.253333333333333,查询转账与账户业务可行性
VER0082,15880,2025search_rand,查挂证会查银行流水吗,49,VERDICT_QUESTION__2,7.253333333333333,银行信息查询
VER0083,13489,2025search_rand,山西银行卡到期了还能用吗,48,VERDICT_QUESTION__2,7.253333333333333,银行卡业务查询与办理指导
VER0084,17488,2025search_rand,非机动车可以买交强险吗,20,VERDICT_QUESTION__1,7.253333333333333,查询交强险保费、赔偿与投保规定
VER0085,12824,2025search_rand,可以买外汇投资吗,10,VERDICT_QUESTION__1,7.253333333333333,查询转账与账户业务可行性
VER0086,11466,2025search_rand,国泰安并购数据库中有银行并购吗,49,VERDICT_QUESTION__2,7.253333333333333,银行信息查询
VER0087,10280,2025search_rand,支付宝备用金用了100块还能用吗,44,VERDICT_QUESTION__2,7.253333333333333,支付宝相关操作查询
VER0088,14770,2025search_rand,交人寿保险的钱可以取出来吗,16,VERDICT_QUESTION__1,7.253333333333333,查询人寿保险相关业务信息
VER0089,15724,2025search_rand,白条能一直提现吗,10,VERDICT_QUESTION__2,7.253333333333333,查询转账与账户业务可行性
VER0090,18336,2025search_rand,现在可小企业贷款容易吗,8,VERDICT_QUESTION__2,7.253333333333333,查询贷款信息
VER0091,15380,2025search_rand,蚂蚁星愿的钱在余额宝显示吗,10,VERDICT_QUESTION__2,7.253333333333333,查询转账与账户业务可行性
VER0092,12077,2025search_rand,余额宝可以只放钱关闭支付功能吗,44,VERDICT_QUESTION__2,7.253333333333333,支付宝相关操作查询
VER0093,16927,2025search_rand,亲属卡没钱了还能扣吗,48,VERDICT_QUESTION__2,7.253333333333333,银行卡业务查询与办理指导
VER0094,18593,2025search_rand,紫金融信属于商业承兑吗,10,VERDICT_QUESTION__2,7.253333333333333,查询转账与账户业务可行性
VER0095,13036,2025search_rand,三角洲保险会在局内过期吗,18,VERDICT_QUESTION__1,7.253333333333333,查询保险相关业务
VER0096,12313,2025search_rand,网贷没还完影响伴侣房贷吗,8,VERDICT_QUESTION__2,7.253333333333333,查询贷款信息
VER0097,19853,2025search_rand,2.5吉祥如意a款两全保险分红型管大病吗?,18,VERDICT_QUESTION__1,7.253333333333333,查询保险相关业务
VER0098,14657,2025search_rand,中信银行信用卡好吗,47,VERDICT_QUESTION__2,7.253333333333333,查询办理信用卡业务
VER0099,13344,2025search_rand,钉钉能发红包给别人吗,10,VERDICT_QUESTION__2,7.253333333333333,查询转账与账户业务可行性
VER0100,16769,2025search_rand,手机关闭后手机银可以继续转账或被他人转走钱吗,10,VERDICT_QUESTION__2,7.253333333333333,查询转账与账户业务可行性
VER0101,16999,2025search_rand,冻结银行卡跟微信有关系吗,48,VERDICT_QUESTION__2,7.253333333333333,银行卡业务查询与办理指导
VER0102,14833,2025search_rand,淘宝里的身份码可以代取吗,10,VERDICT_QUESTION__2,7.253333333333333,查询转账与账户业务可行性
VER0103,10462,2025search_rand,可不可以用网上借的钱还公积金贷款,8,VERDICT_QUESTION__2,7.253333333333333,查询贷款信息
VER0104,10461,2025search_rand,江苏存折单异地能取钱吗,10,VERDICT_QUESTION__2,7.253333333333333,查询转账与账户业务可行性
VER0105,18151,2025search_rand,农行的承兑汇票可以到建行去贴现吗,10,VERDICT_QUESTION__2,7.253333333333333,查询转账与账户业务可行性
VER0106,18374,2025search_rand,交通银行可以代款吗,10,VERDICT_QUESTION__2,7.253333333333333,查询转账与账户业务可行性
VER0107,19237,2025search_rand,中船应急是港股股票吗,25,VERDICT_QUESTION__1,7.253333333333333,查询股票信息
VER0108,13377,2025search_rand,福建海峡银行顺鑫如意存款跟定期存款一样吗?,70,VERDICT_QUESTION__2,7.253333333333333,查询定期存款利率
VER0109,16710,2025search_rand,同一个公寓能抵押两次贷款吗现在,8,VERDICT_QUESTION__2,7.253333333333333,查询贷款信息
VER0110,17152,2025search_rand,跨行取款能取吗,10,VERDICT_QUESTION__2,7.253333333333333,查询转账与账户业务可行性
VER0111,14553,2025search_rand,银保产品一般建议买吗,18,VERDICT_QUESTION__1,7.253333333333333,查询保险相关业务
VER0112,18911,2025search_rand,在手机银行里看到的我的资产里面是不是包括存钱的啊定期活期和利息都在里面,70,VERDICT_QUESTION__2,7.253333333333333,查询定期存款利率
VER0113,14096,2025search_rand,被平刺猬平台风控了还能贷款吗,15,VERDICT_QUESTION__2,7.253333333333333,查询借款平台正规性
VER0114,19054,2025search_rand,信用卡分期关闭后账单金额大影响贷款吗,47,VERDICT_QUESTION__2,7.253333333333333,查询办理信用卡业务
VER0115,17430,2025search_rand,退休人员能贷款买房吗?哪家银行可以办理,8,VERDICT_QUESTION__2,7.253333333333333,查询贷款信息
VER0116,15277,2025search_rand,存银行每月扣钱吗,70,VERDICT_QUESTION__2,7.253333333333333,查询定期存款利率
VER0117,19140,2025search_rand,支付宝转账额度是一年还是终身,44,VERDICT_QUESTION__2,7.253333333333333,支付宝相关操作查询
VER0118,15755,2025search_rand,一个人能办同一个银行的两张卡吗,48,VERDICT_QUESTION__2,7.253333333333333,银行卡业务查询与办理指导
VER0119,18487,2025search_rand,信用账户能不能做可转债,10,VERDICT_QUESTION__2,7.253333333333333,查询转账与账户业务可行性
VER0120,18976,2025search_rand,北京市孩子出生有保险吗,18,VERDICT_QUESTION__1,7.253333333333333,查询保险相关业务
VER0121,19147,2025search_rand,度小满要身份证认证安全吗,10,VERDICT_QUESTION__2,7.253333333333333,查询转账与账户业务可行性
VER0122,18032,2025search_rand,重庆通卡的老旧卡还能用吗,48,VERDICT_QUESTION__2,7.253333333333333,银行卡业务查询与办理指导
VER0123,19651,2025search_rand,车上人员责任险司机和乘客有必要买吗,19,VERDICT_QUESTION__1,7.253333333333333,车险购买与理赔咨询
VER0124,15683,2025search_rand,蒙商银行单日限额第二天恢复吗,49,VERDICT_QUESTION__2,7.253333333333333,银行信息查询
VER0125,17196,2025search_rand,工商银行visa借记卡可以在国外用吗,49,VERDICT_QUESTION__2,7.253333333333333,银行信息查询
VER0126,11762,2025search_rand,"机动车过户了,保险还可以改为自己买吗",19,VERDICT_QUESTION__1,7.253333333333333,车险购买与理赔咨询
VER0127,13938,2025search_rand,开车追尾能走交强险,20,VERDICT_QUESTION__1,7.253333333333333,查询交强险保费、赔偿与投保规定
VER0128,13843,2025search_rand,漳州银行电话卡不是自己的可以办吗,48,VERDICT_QUESTION__2,7.253333333333333,银行卡业务查询与办理指导
VER0129,18722,2025search_rand,中国工商银行app查询征信准吗,49,VERDICT_QUESTION__2,7.253333333333333,银行信息查询
VER0130,17790,2025search_rand,信用卡暂停使用会自动恢复吗,47,VERDICT_QUESTION__2,7.253333333333333,查询办理信用卡业务
VER0131,11678,2025search_rand,学评险必须买吗,19,VERDICT_QUESTION__1,7.253333333333333,车险购买与理赔咨询
VER0132,13974,2025search_rand,支付宝封了还能转账吗,44,VERDICT_QUESTION__2,7.253333333333333,支付宝相关操作查询
VER0133,17873,2025search_rand,信用卡遗失可以激活吗,47,VERDICT_QUESTION__2,7.253333333333333,查询办理信用卡业务
VER0134,17198,2025search_rand,线上可以办储蓄卡吗,48,VERDICT_QUESTION__2,7.253333333333333,银行卡业务查询与办理指导
VER0135,19631,2025search_rand,兴业银行卡过期了柜台能取吗,48,VERDICT_QUESTION__2,7.253333333333333,银行卡业务查询与办理指导
VER0136,11808,2025search_rand,银行对公网银都收费吗,49,VERDICT_QUESTION__2,7.253333333333333,银行信息查询
VER0137,14750,2025search_rand,银行卡里没钱会被诈骗吗,48,VERDICT_QUESTION__2,7.253333333333333,银行卡业务查询与办理指导
VER0138,14169,2025search_rand,云闪付能查到已经注销的卡吗,43,VERDICT_QUESTION__2,7.253333333333333,支付方式使用与设置查询
VER0139,15152,2025search_rand,京东e卡被别人绑定了能追回吗,48,VERDICT_QUESTION__2,7.253333333333333,银行卡业务查询与办理指导
VER0140,16183,2025search_rand,信用证算贷款吗,8,VERDICT_QUESTION__2,7.253333333333333,查询贷款信息
VER0141,13251,2025search_rand,存钱去农商银行安全吗,49,VERDICT_QUESTION__2,7.253333333333333,银行信息查询
VER0142,19785,2025search_rand,中国企业银行的对公短信通和回单服务费用能否返还?,50,VERDICT_QUESTION__2,7.253333333333333,农业银行及农村信用社服务信息查询
VER0143,19783,2025search_rand,助学贷款可以上学后申请吗,8,VERDICT_QUESTION__2,7.253333333333333,查询贷款信息
VER0144,15833,2025search_rand,车保险到期没买过段时间可以买吗?,19,VERDICT_QUESTION__1,7.253333333333333,车险购买与理赔咨询
VER0145,10001,2025search_rand,北方国际唯一一个兵装跟兵工共同持股吗,30,VERDICT_QUESTION__1,7.253333333333333,股票行情与选股建议查询
VER0146,15007,2025search_rand,招商银行手机转账不转款可以水单转账吗,10,VERDICT_QUESTION__2,7.253333333333333,查询转账与账户业务可行性
VER0147,15996,2025search_rand,新股能全部中签吗,30,VERDICT_QUESTION__1,7.253333333333333,股票行情与选股建议查询
VER0148,19945,2025search_rand,10685623345901是不是京东金融吗,72,VERDICT_QUESTION__1,7.253333333333333,金融代码查询
VER0149,16941,2025search_rand,保险续保有犹豫期吗,18,VERDICT_QUESTION__1,7.253333333333333,查询保险相关业务
VER0150,16784,2025search_rand,幼儿园买的保险辞职了可以取出来吗,18,VERDICT_QUESTION__1,7.253333333333333,查询保险相关业务
VER0151,10317,2025search_rand,盒马是不是要注销才能提现押金,10,VERDICT_QUESTION__1,7.253333333333333,查询转账与账户业务可行性
VER0152,10543,2025search_rand,支付宝可以删除银行卡吗,44,VERDICT_QUESTION__2,7.253333333333333,支付宝相关操作查询
VER0153,19591,2025search_rand,湖北武汉浦发银行可以办理企业贷款吗,8,VERDICT_QUESTION__2,7.253333333333333,查询贷款信息
VER0154,15768,2025search_rand,企业微信可以用支付宝支付吗,43,VERDICT_QUESTION__2,7.253333333333333,支付方式使用与设置查询
VER0155,13490,2025search_rand,ok卡山姆可以用吗,10,VERDICT_QUESTION__2,7.253333333333333,查询转账与账户业务可行性
VER0156,13815,2025search_rand,锦程消费金融能下款吗,10,VERDICT_QUESTION__2,7.253333333333333,查询转账与账户业务可行性
VER0157,15449,2025search_rand,为什么不让办一类卡,48,VERDICT_QUESTION__2,7.253333333333333,银行卡业务查询与办理指导
VER0158,13694,2025search_rand,儿童可以用支付宝坐地铁吗,44,VERDICT_QUESTION__2,7.253333333333333,支付宝相关操作查询
VER0159,14126,2025search_rand,绑银行卡给现金安全吗,48,VERDICT_QUESTION__2,7.253333333333333,银行卡业务查询与办理指导
VER0160,18301,2025search_rand,微信延迟到账可以撤回资金吗?,10,VERDICT_QUESTION__2,7.253333333333333,查询转账与账户业务可行性
VER0161,19791,2025search_rand,st股票是不是都有调出融资融券吗,30,VERDICT_QUESTION__1,7.253333333333333,股票行情与选股建议查询
VER0162,11228,2025search_rand,银行里的流水可以删除吗,10,VERDICT_QUESTION__2,7.253333333333333,查询转账与账户业务可行性
VER0163,10723,2025search_rand,安行宝有必要买吗?三十年后能退回吗?,10,VERDICT_QUESTION__1,7.253333333333333,查询转账与账户业务可行性
VER0164,16823,2025search_rand,4050名下营业执照支付宝能查到吗,44,VERDICT_QUESTION__2,7.253333333333333,支付宝相关操作查询
VER0165,11233,2025search_rand,银行不让提高转账额度违法吗,10,VERDICT_QUESTION__2,7.253333333333333,查询转账与账户业务可行性
VER0166,11218,2025search_rand,花呗7月份还未还款8月份还能用吗,13,VERDICT_QUESTION__2,7.253333333333333,花呗操作查询
VER0167,10144,2025search_rand,支付宝的百万医疗险可以买吗,44,VERDICT_QUESTION__1,7.253333333333333,支付宝相关操作查询
VER0168,19088,2025search_rand,欠款一千多银行不给开卡吗,48,VERDICT_QUESTION__2,7.253333333333333,银行卡业务查询与办理指导
VER0169,12582,2025search_rand,非货币基金属于权益类资产吗,7,VERDICT_QUESTION__1,7.253333333333333,基金净值查询
VER0170,17064,2025search_rand,车辆对贷款有影响吗,8,VERDICT_QUESTION__2,7.253333333333333,查询贷款信息
VER0171,16993,2025search_rand,遇保险单位所交部分能遇吗,18,VERDICT_QUESTION__1,7.253333333333333,查询保险相关业务
VER0172,15626,2025search_rand,报了交警一定要报保险吗,19,VERDICT_QUESTION__1,7.253333333333333,车险购买与理赔咨询
VER0173,18263,2025search_rand,河南农商银行就是鹰城农商银行吗,49,VERDICT_QUESTION__2,7.253333333333333,银行信息查询
VER0174,12902,2025search_rand,2025年临沂夫妻两人公积金贷款100万7月1日实行吗,67,VERDICT_QUESTION__2,7.253333333333333,贷款月供计算
VER0175,13589,2025search_rand,重庆渝通行app乘车码有换成优惠吗,52,VERDICT_QUESTION__2,7.253333333333333,下载安装金融类App
VER0176,17374,2025search_rand,信用卡不吉利能换吗,47,VERDICT_QUESTION__2,7.253333333333333,查询办理信用卡业务
VER0177,14363,2025search_rand,东鹏特饮扫码后还能兑换吗,10,VERDICT_QUESTION__2,7.253333333333333,查询转账与账户业务可行性
VER0178,10664,2025search_rand,退市股票可以在北交所交易吗,30,VERDICT_QUESTION__1,7.253333333333333,股票行情与选股建议查询
VER0179,16100,2025search_rand,托珠单抗众安保险可以报销吗,18,VERDICT_QUESTION__1,7.253333333333333,查询保险相关业务
VER0180,16056,2025search_rand,对公账户u盾丢失了还能转账吗,10,VERDICT_QUESTION__2,7.253333333333333,查询转账与账户业务可行性
VER0181,14155,2025search_rand,"平安信用卡分期后,能再申请分期吗",47,VERDICT_QUESTION__2,7.253333333333333,查询办理信用卡业务
VER0182,10080,2025search_rand,贷款合同号就是房贷账户吗,8,VERDICT_QUESTION__2,7.253333333333333,查询贷款信息
VER0183,16403,2025search_rand,车辆意外险和交强险可以分开买吗,20,VERDICT_QUESTION__1,7.253333333333333,查询交强险保费、赔偿与投保规定
VER0184,14248,2025search_rand,入职公司会查征信吗,14,VERDICT_QUESTION__2,7.253333333333333,个人征信报告查询与影响咨询
VER0185,11618,2025search_rand,招商银行young卡是什么卡,49,VERDICT_QUESTION__2,7.253333333333333,银行信息查询
VER0186,11468,2025search_rand,星辉娱乐属于创业板吗,22,VERDICT_QUESTION__1,7.253333333333333,查询科技股与科创板信息
VER0187,15723,2025search_rand,不同的银行卡转账要钱吗,48,VERDICT_QUESTION__2,7.253333333333333,银行卡业务查询与办理指导
VER0188,15984,2025search_rand,支付宝网商银行可以停用吗,44,VERDICT_QUESTION__2,7.253333333333333,支付宝相关操作查询
VER0189,18909,2025search_rand,贫困户查微信支付宝吗,43,VERDICT_QUESTION__2,7.253333333333333,支付方式使用与设置查询
VER0190,13588,2025search_rand,银行卡收到转账会有短信吗,48,VERDICT_QUESTION__2,7.253333333333333,银行卡业务查询与办理指导
VER0191,16379,2025search_rand,"45岁男,月薪一万,房贷二千多,短期借款20万,能辞职创业吗",67,VERDICT_QUESTION__2,7.253333333333333,贷款月供计算
VER0192,13089,2025search_rand,请问我的保险停交几年了还可以退保吗?,18,VERDICT_QUESTION__1,7.253333333333333,查询保险相关业务
VER0193,11822,2025search_rand,唯品会商品有运费险吗,19,VERDICT_QUESTION__1,7.253333333333333,车险购买与理赔咨询
VER0194,19172,2025search_rand,征信报告可以只打印两年的吗,14,VERDICT_QUESTION__2,7.253333333333333,个人征信报告查询与影响咨询
VER0195,17834,2025search_rand,"如果办了生源地助学贷款,但是我提前交了学费",8,VERDICT_QUESTION__2,7.253333333333333,查询贷款信息
VER0196,16776,2025search_rand,农行公积金贷款可以无本金还款吗,8,VERDICT_QUESTION__2,7.253333333333333,查询贷款信息
VER0197,13942,2025search_rand,支付宝经营贷可以借钱吗,44,VERDICT_QUESTION__2,7.253333333333333,支付宝相关操作查询
VER0198,18388,2025search_rand,支付宝开通经营码可以关闭吗,44,VERDICT_QUESTION__2,7.253333333333333,支付宝相关操作查询
VER0199,14061,2025search_rand,惠融钱包是中介还是直接放款平台的,15,VERDICT_QUESTION__2,7.253333333333333,查询借款平台正规性
VER0200,11553,2025search_rand,中国农业银行年费可以取消吗,50,VERDICT_QUESTION__2,7.253333333333333,农业银行及农村信用社服务信息查询
VER0201,19973,2025search_rand,征信可以自己网上查吗,14,VERDICT_QUESTION__2,7.253333333333333,个人征信报告查询与影响咨询
VER0202,12314,2025search_rand,房贷还款是选择还款总金额吗,9,VERDICT_QUESTION__2,7.253333333333333,贷款提前还款查询
VER0203,17675,2025search_rand,有贷款能办银行卡吗,48,VERDICT_QUESTION__2,7.253333333333333,银行卡业务查询与办理指导
VER0204,14802,2025search_rand,云闪付的优惠券和红包叠加吗,43,VERDICT_QUESTION__2,7.253333333333333,支付方式使用与设置查询
VER0205,12181,2025search_rand,平安保险意外险住院理疗能报销吗,18,VERDICT_QUESTION__1,7.253333333333333,查询保险相关业务
VER0206,17645,2025search_rand,国债能提前赎回吗,9,VERDICT_QUESTION__2,7.253333333333333,贷款提前还款查询
VER0207,13914,2025search_rand,客户打公司款是直接发对公账号的卡号吗,10,VERDICT_QUESTION__2,7.253333333333333,查询转账与账户业务可行性
VER0208,16157,2025search_rand,数字人明币被风控了提到卡上能提现吗,10,VERDICT_QUESTION__2,7.253333333333333,查询转账与账户业务可行性
VER0209,10654,2025search_rand,"银行周六,周天儿办理业务吗?",49,VERDICT_QUESTION__2,7.253333333333333,银行信息查询
VER0210,19491,2025search_rand,用支付宝套信用卡会影响信用吗,47,VERDICT_QUESTION__2,7.253333333333333,查询办理信用卡业务
VER0211,13310,2025search_rand,连具塘村有ATM机吗,10,VERDICT_QUESTION__2,7.253333333333333,查询转账与账户业务可行性
VER0212,18053,2025search_rand,保险和银行是一个部门监管吗,18,VERDICT_QUESTION__1,7.253333333333333,查询保险相关业务
VER0213,17644,2025search_rand,银行可以读取收钱吧的信息吗,10,VERDICT_QUESTION__2,7.253333333333333,查询转账与账户业务可行性
VER0214,12997,2025search_rand,中欣卡6月10日能消费了吗,10,VERDICT_QUESTION__2,7.253333333333333,查询转账与账户业务可行性
VER0215,18660,2025search_rand,信用账户可以买北交所股票吗,10,VERDICT_QUESTION__1,7.253333333333333,查询转账与账户业务可行性
VER0216,12026,2025search_rand,定期存单必须存款人账户吗,70,VERDICT_QUESTION__2,7.253333333333333,查询定期存款利率
VER0217,11770,2025search_rand,未成年绑定支付宝可以用吗,44,VERDICT_QUESTION__2,7.253333333333333,支付宝相关操作查询
VER0218,10495,2025search_rand,支付宝账号可以在两个手机登录吗,44,VERDICT_QUESTION__2,7.253333333333333,支付宝相关操作查询
VER0219,13358,2025search_rand,银联标准信用卡金卡可以境外消费吗,47,VERDICT_QUESTION__2,7.253333333333333,查询办理信用卡业务
VER0220,19848,2025search_rand,pⅰnetwork对接银行了吗,49,VERDICT_QUESTION__2,7.253333333333333,银行信息查询
VER0221,17238,2025search_rand,征信有问题可以读尚宇学校吗有影响吗,14,VERDICT_QUESTION__2,7.253333333333333,个人征信报告查询与影响咨询
VER0222,18463,2025search_rand,别人用我手机号绑定银行卡对我有影响吗,48,VERDICT_QUESTION__2,7.253333333333333,银行卡业务查询与办理指导
VER0223,11587,2025search_rand,没有信用卡可以查征信吗,14,VERDICT_QUESTION__2,7.253333333333333,个人征信报告查询与影响咨询
VER0224,19017,2025search_rand,"住房公积金的卡是工商银行卡,就一定会在工商银行贷款吗?",49,VERDICT_QUESTION__2,7.253333333333333,银行信息查询
VER0225,19718,2025search_rand,云闪付可以转卡吗,10,VERDICT_QUESTION__2,7.253333333333333,查询转账与账户业务可行性
VER0226,18316,2025search_rand,银行有银条卖么,49,VERDICT_QUESTION__2,7.253333333333333,银行信息查询
VER0227,12564,2025search_rand,ST易购会申请稳定币牌照吗,31,VERDICT_QUESTION__1,7.253333333333333,查询财经门户与市场行情
VER0228,16256,2025search_rand,中国建设银行18岁的人能贷款吗,54,VERDICT_QUESTION__2,7.253333333333333,建设银行网点与服务查询
VER0229,11123,2025search_rand,62岁的人还能办信用卡吗,47,VERDICT_QUESTION__2,7.253333333333333,查询办理信用卡业务
VER0230,20619,2026search,今天港股休市吗?,30,VERDICT_QUESTION__1,1.0,股票行情与选股建议查询
VER0231,20773,2026search,港股今天休市吗,30,VERDICT_QUESTION__1,1.0,股票行情与选股建议查询
VER0232,20955,2026search,京东白条能提前还吗,9,VERDICT_QUESTION__2,1.0,贷款提前还款查询
VER0233,22067,2026search,港股明天开盘吗,30,VERDICT_QUESTION__1,1.0,股票行情与选股建议查询
VER0234,23020,2026search,港股7月1号休市吗,30,VERDICT_QUESTION__1,1.0,股票行情与选股建议查询
VER0235,24092,2026search,申能财险是正规保险公司吗,17,VERDICT_QUESTION__1,1.0,查询保险公司信息
VER0236,24252,2026search,星火保是什么保险可靠吗,18,VERDICT_QUESTION__1,1.0,查询保险相关业务
VER0237,24574,2026search,银行卡过期后还能继续使用吗,48,VERDICT_QUESTION__2,1.0,银行卡业务查询与办理指导
VER0238,24610,2026search,众安保险是不是国家正规保险,18,VERDICT_QUESTION__1,1.0,查询保险相关业务
VER0239,24938,2026search,余额宝存钱安全可靠吗,10,VERDICT_QUESTION__2,1.0,查询转账与账户业务可行性
VER0240,25252,2026search,招商银行是国企还是私企,49,VERDICT_QUESTION__2,1.0,银行信息查询
VER0241,25727,2026search,今天港股休市吗,30,VERDICT_QUESTION__1,1.0,股票行情与选股建议查询
VER0242,26005,2026search,香港股市今天休市吗?,27,VERDICT_QUESTION__1,1.0,查询市场行情
VER0243,26405,2026search,定期存款可以提前取吗,70,VERDICT_QUESTION__2,1.0,查询定期存款利率
VER0244,26571,2026search,零钱通存钱安全吗,10,VERDICT_QUESTION__2,1.0,查询转账与账户业务可行性
VER0245,26851,2026search,"易宝支付是什么平台扣款,是否能追回",15,VERDICT_QUESTION__2,1.0,查询借款平台正规性
VER0246,27269,2026search,中信银行是国企还是私企,49,VERDICT_QUESTION__2,1.0,银行信息查询
VER0247,27783,2026search,人人保险是诈骗吗,18,VERDICT_QUESTION__1,1.0,查询保险相关业务
VER0248,28353,2026search,中国银行是国企还是央企,53,VERDICT_QUESTION__2,1.0,中国银行服务信息查询
VER0249,28646,2026search,民生银行是国企还是私企,49,VERDICT_QUESTION__2,1.0,银行信息查询
VER0250,28857,2026search,7月1号港股休市吗,30,VERDICT_QUESTION__1,1.0,股票行情与选股建议查询
VER0251,28885,2026search,芝麻分能当钱花吗,13,VERDICT_QUESTION__2,1.0,花呗操作查询
VER0252,28926,2026search,车损险有没有必要买,19,VERDICT_QUESTION__1,1.0,车险购买与理赔咨询
VER0253,28945,2026search,银行卡丢了可以补办原卡号吗,48,VERDICT_QUESTION__2,1.0,银行卡业务查询与办理指导
VER0254,29018,2026search,银行中午能办业务吗,49,VERDICT_QUESTION__2,1.0,银行信息查询
VER0255,29052,2026search,农商银行是农村信用社吗,50,VERDICT_QUESTION__2,1.0,农业银行及农村信用社服务信息查询
VER0256,29536,2026search,收款码可以发给别人吗安全吗,10,VERDICT_QUESTION__2,1.0,查询转账与账户业务可行性
VER0257,36350,2026search_rand,鹏扬基金公司是国资吗,17,VERDICT_QUESTION__1,6.0,查询保险公司信息
VER0258,34235,2026search_rand,定期存单可以在不同的网点取款吗,70,VERDICT_QUESTION__2,6.0,查询定期存款利率
VER0259,39924,2026search_rand,割息肉意外险能报销吗,19,VERDICT_QUESTION__1,6.0,车险购买与理赔咨询
VER0260,36692,2026search_rand,用信用卡发红包可以吗,47,VERDICT_QUESTION__2,6.0,查询办理信用卡业务
VER0261,39034,2026search_rand,抢的预约单可以取消吗,10,VERDICT_QUESTION__2,6.0,查询转账与账户业务可行性
VER0262,35779,2026search_rand,我在马来西亚可以微信转账给我吗,10,VERDICT_QUESTION__2,6.0,查询转账与账户业务可行性
VER0263,38123,2026search_rand,安逸花借钱可以借2100吗,10,VERDICT_QUESTION__2,6.0,查询转账与账户业务可行性
VER0264,30941,2026search_rand,军工板块属于科技股吗,22,VERDICT_QUESTION__1,6.0,查询科技股与科创板信息
VER0265,39277,2026search_rand,资配存到期能兑现吗?,10,VERDICT_QUESTION__2,6.0,查询转账与账户业务可行性
VER0266,39264,2026search_rand,广发证券当天开户当天可以交易吗,32,VERDICT_QUESTION__1,6.0,证券股票信息查询
VER0267,32014,2026search_rand,农商银行现在有没有贴息政策,49,VERDICT_QUESTION__2,6.0,银行信息查询
VER0268,37704,2026search_rand,存钱不能存50吗,70,VERDICT_QUESTION__2,6.0,查询定期存款利率
VER0269,35071,2026search_rand,大华股份是否工业互利,45,VERDICT_QUESTION__1,6.0,查询股份公司及股票信息
VER0270,36248,2026search_rand,手机收到投保成功会扣钱吗,10,VERDICT_QUESTION__1,6.0,查询转账与账户业务可行性
VER0271,33462,2026search_rand,我之前在中国农业银行办的公交卡断了想重新补办一张里面的余额能找到不,50,VERDICT_QUESTION__2,6.0,农业银行及农村信用社服务信息查询
VER0272,37387,2026search_rand,银行卡转账记录能查到对方姓名吗,48,VERDICT_QUESTION__2,6.0,银行卡业务查询与办理指导
VER0273,35177,2026search_rand,公对公转账晚上能转吗,10,VERDICT_QUESTION__2,6.0,查询转账与账户业务可行性
VER0274,39689,2026search_rand,理财评估过期了不重新评估可以吗,10,VERDICT_QUESTION__1,6.0,查询转账与账户业务可行性
VER0275,32848,2026search_rand,没有预留手机号的银行卡可以取钱吗,48,VERDICT_QUESTION__2,6.0,银行卡业务查询与办理指导
VER0276,39285,2026search_rand,一类账户可以网上申请吗,10,VERDICT_QUESTION__2,6.0,查询转账与账户业务可行性
VER0277,36584,2026search_rand,贝融助手大数据53分次月有变化吗,10,VERDICT_QUESTION__1,6.0,查询转账与账户业务可行性
VER0278,34208,2026search_rand,手机停机支付宝还能支付吗,44,VERDICT_QUESTION__2,6.0,支付宝相关操作查询
VER0279,31761,2026search_rand,股票账户开通后不用会收费吗,10,VERDICT_QUESTION__1,6.0,查询转账与账户业务可行性
VER0280,38907,2026search_rand,宜口袋现在能还款吗,9,VERDICT_QUESTION__2,6.0,贷款提前还款查询
VER0281,38096,2026search_rand,临时身份证可以网上贷款吗,8,VERDICT_QUESTION__2,6.0,查询贷款信息
VER0282,30561,2026search_rand,公务员可以贷款吗,8,VERDICT_QUESTION__2,6.0,查询贷款信息
VER0283,32018,2026search_rand,买车银行卡说有限额银行里的钱不能用来买车吗,48,VERDICT_QUESTION__2,6.0,银行卡业务查询与办理指导
VER0284,34442,2026search_rand,支付宝显示停车缴费可以取消吗,44,VERDICT_QUESTION__2,6.0,支付宝相关操作查询
VER0285,31403,2026search_rand,存折算银行卡吗,48,VERDICT_QUESTION__2,6.0,银行卡业务查询与办理指导
VER0286,36365,2026search_rand,新疆租车买不买保险,19,VERDICT_QUESTION__1,6.0,车险购买与理赔咨询
VER0287,32410,2026search_rand,共济账户被授权人当年能用吗,10,VERDICT_QUESTION__2,6.0,查询转账与账户业务可行性
VER0288,35491,2026search_rand,华微电子是半导体估值低的吗?,30,VERDICT_QUESTION__1,6.0,股票行情与选股建议查询
VER0289,37715,2026search_rand,友邦百万医疗足外翻鞋子能赔吗,19,VERDICT_QUESTION__1,6.0,车险购买与理赔咨询
VER0290,31190,2026search_rand,中国银行是不是被罚款了,53,VERDICT_QUESTION__2,6.0,中国银行服务信息查询
VER0291,31552,2026search_rand,除权股票好吗,25,VERDICT_QUESTION__1,6.0,查询股票信息
VER0292,32110,2026search_rand,国外除了visa卡还可以用什么卡,48,VERDICT_QUESTION__2,6.0,银行卡业务查询与办理指导
VER0293,38839,2026search_rand,自己能查历史存款记录吗,70,VERDICT_QUESTION__2,6.0,查询定期存款利率
VER0294,34843,2026search_rand,友阿股份可以买入吗,45,VERDICT_QUESTION__1,6.0,查询股份公司及股票信息
VER0295,35884,2026search_rand,嘉实上证科创板芯片ETF联接C和嘉实上证科创板芯片ETF发起联接C一样吗,22,VERDICT_QUESTION__1,6.0,查询科技股与科创板信息
VER0296,33596,2026search_rand,支付宝余额宝能不能还花呗的钱,44,VERDICT_QUESTION__2,6.0,支付宝相关操作查询
VER0297,32370,2026search_rand,公积金结息22年的还有利息吗,65,VERDICT_QUESTION__2,6.0,计算存贷款利息
VER0298,36262,2026search_rand,定期存款可以一直往里面存钱吗,70,VERDICT_QUESTION__2,6.0,查询定期存款利率
VER0299,30684,2026search_rand,贷款查征信能查到存款吗,14,VERDICT_QUESTION__2,6.0,个人征信报告查询与影响咨询
VER0300,36788,2026search_rand,手机支付宝能转账吗,44,VERDICT_QUESTION__2,6.0,支付宝相关操作查询
VER0301,30825,2026search_rand,中国有私立银行吗,53,VERDICT_QUESTION__2,6.0,中国银行服务信息查询
VER0302,39841,2026search_rand,工商可以转给农商吗,49,VERDICT_QUESTION__2,6.0,银行信息查询
VER0303,30690,2026search_rand,车子满10年后车险会增加吗,19,VERDICT_QUESTION__1,6.0,车险购买与理赔咨询
VER0304,30270,2026search_rand,借用卡可以转帐吗,10,VERDICT_QUESTION__2,6.0,查询转账与账户业务可行性
VER0305,32285,2026search_rand,可管去银行可管帮别人代取钱呢,10,VERDICT_QUESTION__2,6.0,查询转账与账户业务可行性
VER0306,37294,2026search_rand,银行早上开晨会去晚了算迟到吗,49,VERDICT_QUESTION__2,6.0,银行信息查询
VER0307,37785,2026search_rand,身份证复印件能网贷吗别人用,8,VERDICT_QUESTION__2,6.0,查询贷款信息
VER0308,35718,2026search_rand,可以现金往公户存钱吗,10,VERDICT_QUESTION__2,6.0,查询转账与账户业务可行性
VER0309,37835,2026search_rand,讯飞医疗科技是港股通吗,22,VERDICT_QUESTION__1,6.0,查询科技股与科创板信息
VER0310,34687,2026search_rand,外汇平台app国内能上吗,52,VERDICT_QUESTION__2,6.0,下载安装金融类App
VER0311,35195,2026search_rand,支付宝退出的稳定宝是稳定性理财产品吗会不会出现负增长,44,VERDICT_QUESTION__1,6.0,支付宝相关操作查询
VER0312,33503,2026search_rand,车被水泡了能报全损么,19,VERDICT_QUESTION__1,6.0,车险购买与理赔咨询
VER0313,34389,2026search_rand,"中原银行贷65000元,48期还完每月还1523元,靠谱吗?",67,VERDICT_QUESTION__2,6.0,贷款月供计算
VER0314,31662,2026search_rand,农业银行房贷还款有容时吗,50,VERDICT_QUESTION__2,6.0,农业银行及农村信用社服务信息查询
VER0315,30554,2026search_rand,4米2超吨保险公司赔吗,17,VERDICT_QUESTION__1,6.0,查询保险公司信息
VER0316,30424,2026search_rand,农村信用社存款有保障吗安全吗,70,VERDICT_QUESTION__2,6.0,查询定期存款利率
VER0317,30828,2026search_rand,2011年之前领的保险单与现在合并吗,18,VERDICT_QUESTION__1,6.0,查询保险相关业务
VER0318,38364,2026search_rand,征信报告可以只打一年的吗,14,VERDICT_QUESTION__2,6.0,个人征信报告查询与影响咨询
VER0319,35322,2026search_rand,沪电股份是pcb概念股吗,45,VERDICT_QUESTION__1,6.0,查询股份公司及股票信息
VER0320,37987,2026search_rand,车险在哪里交都能用吗,19,VERDICT_QUESTION__1,6.0,车险购买与理赔咨询
VER0321,32660,2026search_rand,股票涨了能马上卖出去吗?,30,VERDICT_QUESTION__1,6.0,股票行情与选股建议查询
VER0322,35965,2026search_rand,中银活钱宝可靠吗,10,VERDICT_QUESTION__2,6.0,查询转账与账户业务可行性
VER0323,33205,2026search_rand,邮政账户可以同卡号补卡吗,10,VERDICT_QUESTION__2,6.0,查询转账与账户业务可行性
VER0324,37167,2026search_rand,用了花呗的钱就是贷款了吗,13,VERDICT_QUESTION__2,6.0,花呗操作查询
VER0325,37830,2026search_rand,"银行预约取款成功后,银行会来电吗",49,VERDICT_QUESTION__2,6.0,银行信息查询
VER0326,36003,2026search_rand,钱存农业银行安全吗,50,VERDICT_QUESTION__2,6.0,农业银行及农村信用社服务信息查询
VER0327,35513,2026search_rand,投资顾问可以自己炒股吗,10,VERDICT_QUESTION__1,6.0,查询转账与账户业务可行性
VER0328,32740,2026search_rand,23岁适合买轻疾 中疾病 重疾 终身的吗,19,VERDICT_QUESTION__1,6.0,车险购买与理赔咨询
VER0329,32890,2026search_rand,教师退休后可以贷款吗,8,VERDICT_QUESTION__2,6.0,查询贷款信息
VER0330,35720,2026search_rand,携程白银贵宾可享不是会员能买吗,10,VERDICT_QUESTION__2,6.0,查询转账与账户业务可行性
VER0331,38074,2026search_rand,中国银行二类卡升级一类卡卡号会变吗,53,VERDICT_QUESTION__2,6.0,中国银行服务信息查询
VER0332,37721,2026search_rand,组合贷公积金贷款没还完可以取公积金还商贷么,8,VERDICT_QUESTION__2,6.0,查询贷款信息
VER0333,36074,2026search_rand,a股机构可以t0吗,30,VERDICT_QUESTION__1,6.0,股票行情与选股建议查询
VER0334,37646,2026search_rand,支付宝上买机票可以选择朋友代付款吗,44,VERDICT_QUESTION__2,6.0,支付宝相关操作查询
VER0335,34454,2026search_rand,微粒贷会抽贷吗,8,VERDICT_QUESTION__2,6.0,查询贷款信息
VER0336,34277,2026search_rand,香港账户5万美金被CRS正常吗,10,VERDICT_QUESTION__1,6.0,查询转账与账户业务可行性
VER0337,30211,2026search_rand,银行app存钱安全吗,52,VERDICT_QUESTION__2,6.0,下载安装金融类App
VER0338,37059,2026search_rand,有现金可以给其它人转账吗,10,VERDICT_QUESTION__2,6.0,查询转账与账户业务可行性
VER0339,32565,2026search_rand,中银E贷一年期还完之后额度立马恢复吗,9,VERDICT_QUESTION__2,6.0,贷款提前还款查询
VER0340,30025,2026search_rand,能去银行直接贷款吗,8,VERDICT_QUESTION__2,6.0,查询贷款信息
VER0341,37817,2026search_rand,车贷还款晚了一天还可以自动还款吗,9,VERDICT_QUESTION__2,6.0,贷款提前还款查询
VER0342,39633,2026search_rand,公务员不允许炒股吗,30,VERDICT_QUESTION__1,6.0,股票行情与选股建议查询
VER0343,39390,2026search_rand,自己存款算流水吗,70,VERDICT_QUESTION__2,6.0,查询定期存款利率
VER0344,35707,2026search_rand,大唐发电是龙头吗,30,VERDICT_QUESTION__1,6.0,股票行情与选股建议查询
VER0345,33776,2026search_rand,民生银行0.24倍市净率风险很大吗?,49,VERDICT_QUESTION__1,6.0,银行信息查询
VER0346,37958,2026search_rand,信用卡的钱能转到银行卡里吗,48,VERDICT_QUESTION__2,6.0,银行卡业务查询与办理指导
VER0347,37013,2026search_rand,一类卡是信用卡吗,47,VERDICT_QUESTION__2,6.0,查询办理信用卡业务
VER0348,37439,2026search_rand,香港的花旗银行存款国内能取吗,70,VERDICT_QUESTION__2,6.0,查询定期存款利率
VER0349,32085,2026search_rand,信用卡放在钱包里能被风控吗,47,VERDICT_QUESTION__2,6.0,查询办理信用卡业务
VER0350,33552,2026search_rand,中行借记卡在香港中国银行取钱要手续费吗,53,VERDICT_QUESTION__2,6.0,中国银行服务信息查询
VER0351,32761,2026search_rand,年金的身故理赔金是否为个人财产,19,VERDICT_QUESTION__1,6.0,车险购买与理赔咨询
VER0352,39009,2026search_rand,农商银行社会保障卡能借钱吗,49,VERDICT_QUESTION__2,6.0,银行信息查询
VER0353,39328,2026search_rand,买的二手车交强险没到期可以重新买吗,20,VERDICT_QUESTION__1,6.0,查询交强险保费、赔偿与投保规定
VER0354,37652,2026search_rand,人保买药算出险吗,18,VERDICT_QUESTION__1,6.0,查询保险相关业务
VER0355,34507,2026search_rand,宽基基金亏钱亏的是不是比基金慢一点?,7,VERDICT_QUESTION__1,6.0,基金净值查询
VER0356,31666,2026search_rand,恒宝股份主力加仓了吗,45,VERDICT_QUESTION__1,6.0,查询股份公司及股票信息
VER0357,37222,2026search_rand,德安县能用数字人民币吗,36,VERDICT_QUESTION__2,6.0,人民币及货币信息查询
VER0358,36436,2026search_rand,st宝馨科技股票能索赔吗,23,VERDICT_QUESTION__1,6.0,科技类股票信息查询
VER0359,32464,2026search_rand,可以提前还清银行贷款吗,9,VERDICT_QUESTION__2,6.0,贷款提前还款查询
VER0360,37982,2026search_rand,拍拍贷要全部还清才能借吗,9,VERDICT_QUESTION__2,6.0,贷款提前还款查询
VER0361,36645,2026search_rand,该不该退款人寿保险该开通想申请取消退回,16,VERDICT_QUESTION__1,6.0,查询人寿保险相关业务信息
VER0362,39507,2026search_rand,邮政磁条卡换成芯片卡能保留卡号吗,48,VERDICT_QUESTION__2,6.0,银行卡业务查询与办理指导
VER0363,35892,2026search_rand,一个身份证可以绑定几个支付宝?,44,VERDICT_QUESTION__2,6.0,支付宝相关操作查询
VER0364,36865,2026search_rand,北京证券登记公司现在还有吗,32,VERDICT_QUESTION__1,6.0,证券股票信息查询
VER0365,32000,2026search_rand,e高速建设银行打折吗,54,VERDICT_QUESTION__2,6.0,建设银行网点与服务查询
VER0366,39554,2026search_rand,银行卡过期了换卡卡号会变吗,48,VERDICT_QUESTION__2,6.0,银行卡业务查询与办理指导
VER0367,35885,2026search_rand,新华保险终身重疾险可靠吗,18,VERDICT_QUESTION__1,6.0,查询保险相关业务
VER0368,32938,2026search_rand,用香港公司控股内地公司在纳斯达克上市可以吗,17,VERDICT_QUESTION__1,6.0,查询保险公司信息
VER0369,39592,2026search_rand,惠科股份尾盘有没有主力资金流入,22,VERDICT_QUESTION__1,6.0,查询科技股与科创板信息
VER0370,30191,2026search_rand,农业银行卡到龙江银行取款机取钱收费吗,50,VERDICT_QUESTION__2,6.0,农业银行及农村信用社服务信息查询
VER0371,35510,2026search_rand,银行线下货款合同在手机银行APP可以查看吗,52,VERDICT_QUESTION__2,6.0,下载安装金融类App
VER0372,39396,2026search_rand,新手可以买上证指数吗,28,VERDICT_QUESTION__1,6.0,股指行情查询
VER0373,36125,2026search_rand,支付宝交易保护冻结24小时可以设置吗,44,VERDICT_QUESTION__2,6.0,支付宝相关操作查询
VER0374,35538,2026search_rand,存在邮政银行的定期存款到期可以取出来吗,70,VERDICT_QUESTION__2,6.0,查询定期存款利率
VER0375,35503,2026search_rand,小孩买保险需要身份证吗,18,VERDICT_QUESTION__1,6.0,查询保险相关业务
VER0376,30573,2026search_rand,9:20分前挂单卖出能成交吗,10,VERDICT_QUESTION__1,6.0,查询转账与账户业务可行性
VER0377,32825,2026search_rand,四川农商银行取消李渡支行,49,VERDICT_QUESTION__2,6.0,银行信息查询
VER0378,33907,2026search_rand,银行工作人员拿身份证能查到名下存款吗,70,VERDICT_QUESTION__2,6.0,查询定期存款利率
VER0379,35119,2026search_rand,查勘后就可以定损吗,10,VERDICT_QUESTION__1,6.0,查询转账与账户业务可行性
VER0380,30449,2026search_rand,人寿保险会授权药品吗,16,VERDICT_QUESTION__1,6.0,查询人寿保险相关业务信息
VER0381,32893,2026search_rand,灵税保app是正规的吗安全吗,52,VERDICT_QUESTION__1,6.0,下载安装金融类App
VER0382,36046,2026search_rand,郑州银行工会卡丢了可以补办原来的卡号吗,48,VERDICT_QUESTION__2,6.0,银行卡业务查询与办理指导
VER0383,32075,2026search_rand,人民币火烧一点算特保人民币吗,36,VERDICT_QUESTION__1,6.0,人民币及货币信息查询
VER0384,36496,2026search_rand,上海的钱款🉑以转到香港的恒生银行吗,10,VERDICT_QUESTION__2,6.0,查询转账与账户业务可行性
VER0385,32994,2026search_rand,招商银行股票35.38元安全性高吗,49,VERDICT_QUESTION__1,6.0,银行信息查询
VER0386,31815,2026search_rand,长城有自己的保险公司吗,17,VERDICT_QUESTION__1,6.0,查询保险公司信息
VER0387,31779,2026search_rand,协商还款还完之后可以申请房贷吗,9,VERDICT_QUESTION__2,6.0,贷款提前还款查询
VER0388,32108,2026search_rand,"把十万多钱存在农商银行三年,现在取岀来可以吗?",49,VERDICT_QUESTION__2,6.0,银行信息查询
VER0389,38098,2026search_rand,买自己父母的房子能用公积金贷款吗,8,VERDICT_QUESTION__2,6.0,查询贷款信息
VER0390,39688,2026search_rand,满15周岁可以办银行卡吗,48,VERDICT_QUESTION__2,6.0,银行卡业务查询与办理指导
VER0391,37801,2026search_rand,"平台借款已还清,银行征信显示未结清,借款人借款属于刷单,借款人会二次偿还吗",9,VERDICT_QUESTION__2,6.0,贷款提前还款查询
VER0392,37896,2026search_rand,国内让用虚拟币吗,36,VERDICT_QUESTION__2,6.0,人民币及货币信息查询
VER0393,35321,2026search_rand,房子被银行拍卖后还要继续还贷吗,9,VERDICT_QUESTION__2,6.0,贷款提前还款查询
VER0394,38029,2026search_rand,农商银行可以申请助学贷款吗,8,VERDICT_QUESTION__2,6.0,查询贷款信息
VER0395,38320,2026search_rand,金东金融当日还款是不能超过晚上12点吗,9,VERDICT_QUESTION__2,6.0,贷款提前还款查询
VER0396,33123,2026search_rand,"我自己买的手机卡被别人用过注册微信,支付宝等等6年,是不是不安全了",44,VERDICT_QUESTION__2,6.0,支付宝相关操作查询
VER0397,31443,2026search_rand,邮政手机app定期存款安全吗,70,VERDICT_QUESTION__2,6.0,查询定期存款利率
VER0398,39651,2026search_rand,海南银行是国家银行吗,49,VERDICT_QUESTION__2,6.0,银行信息查询
VER0399,34567,2026search_rand,孩子骑车撞人受伤学平险报吗,19,VERDICT_QUESTION__1,6.0,车险购买与理赔咨询
VER0400,38808,2026search_rand,银行柜台转账一次性可以转20万吗?,10,VERDICT_QUESTION__2,6.0,查询转账与账户业务可行性
VER0401,37031,2026search_rand,中国平安的业绩包括平安银行的吗?,53,VERDICT_QUESTION__1,6.0,中国银行服务信息查询
VER0402,35037,2026search_rand,车抵贷没还会执行房产吗,8,VERDICT_QUESTION__2,6.0,查询贷款信息
VER0403,39177,2026search_rand,花呗能取现金吗,13,VERDICT_QUESTION__2,6.0,花呗操作查询
VER0404,36998,2026search_rand,广发天天红货币A有风险吗,19,VERDICT_QUESTION__1,6.0,车险购买与理赔咨询
VER0405,30596,2026search_rand,农行52开头的k宝是蓝牙版的吗,50,VERDICT_QUESTION__2,6.0,农业银行及农村信用社服务信息查询
VER0406,37146,2026search_rand,对公账户可以扫码付款吗,10,VERDICT_QUESTION__2,6.0,查询转账与账户业务可行性
VER0407,40025,assistant_top,95588可以协商还本金吗,3,VERDICT_QUESTION__2,1.0,查询电话号码归属
VER0408,40188,assistant_top,众安保险可靠吗,18,VERDICT_QUESTION__1,1.0,查询保险相关业务
VER0409,40199,assistant_top,元保保险公司可靠吗,17,VERDICT_QUESTION__1,1.0,查询保险公司信息
VER0410,40280,assistant_top,可以买入吗,10,VERDICT_QUESTION__2,1.0,查询转账与账户业务可行性
VER0411,40305,assistant_top,外地人在上海贷款买房划算吗,8,VERDICT_QUESTION__2,1.0,查询贷款信息
VER0412,40364,assistant_top,工商银行9920可以柜台转账吗,49,VERDICT_QUESTION__2,1.0,银行信息查询
VER0413,40377,assistant_top,工商银行卡9920能柜台取现吗,49,VERDICT_QUESTION__2,1.0,银行信息查询
VER0414,40500,assistant_top,有风险吗,19,VERDICT_QUESTION__1,1.0,车险购买与理赔咨询
VER0415,40967,assistant_random,18年办的邮政储蓄银行信用卡没激活还能用吗,47,VERDICT_QUESTION__2,1.0,查询办理信用卡业务
VER0416,40973,assistant_random,2015年的一角货币现在还用吗？,66,VERDICT_QUESTION__2,1.0,金融行情数据查询
VER0417,40989,assistant_random,2026年还会发行新版人民币吗,66,VERDICT_QUESTION__2,1.0,金融行情数据查询
VER0418,40996,assistant_random,20万存农行大额存单能买吗,70,VERDICT_QUESTION__2,1.0,查询定期存款利率
VER0419,41037,assistant_random,A股可以买吗,30,VERDICT_QUESTION__1,1.0,股票行情与选股建议查询
VER0420,41041,assistant_random,FIL值得长期拿吗,10,VERDICT_QUESTION__1,1.0,查询转账与账户业务可行性
VER0421,41059,assistant_random,rg异端适合入手吗,10,VERDICT_QUESTION__1,1.0,查询转账与账户业务可行性
VER0422,41062,assistant_random,。香港可以使用微信支付吗？,43,VERDICT_QUESTION__2,1.0,支付方式使用与设置查询
VER0423,41063,assistant_random,一个银行可以在自动取款机和柜台取款吗,10,VERDICT_QUESTION__2,1.0,查询转账与账户业务可行性
VER0424,41088,assistant_random,中国农业银行得不得也办一一张信用卡？,50,VERDICT_QUESTION__2,1.0,农业银行及农村信用社服务信息查询
VER0425,41123,assistant_random,二类卡支出和收入额度是分开的吗？,10,VERDICT_QUESTION__2,1.0,查询转账与账户业务可行性
VER0426,41142,assistant_random,今天潍城建设银行上班吗？,54,VERDICT_QUESTION__2,1.0,建设银行网点与服务查询
VER0427,41163,assistant_random,保修卡丢失会影响全国联保吗,18,VERDICT_QUESTION__1,1.0,查询保险相关业务
VER0428,41166,assistant_random,保险公司住院保险对日间手术报销吗？,17,VERDICT_QUESTION__1,1.0,查询保险公司信息
VER0429,41167,assistant_random,保险单和保险合同一样吗,18,VERDICT_QUESTION__1,1.0,查询保险相关业务
VER0430,41169,assistant_random,信用卡可以全额分期还款吗,47,VERDICT_QUESTION__2,1.0,查询办理信用卡业务
VER0431,41173,assistant_random,信用卡能买优惠机票吗,47,VERDICT_QUESTION__2,1.0,查询办理信用卡业务
VER0432,41236,assistant_random,北京300804指南针要的身份信息有存在身份信息泄露的风险吗,1,VERDICT_QUESTION__1,1.0,查询300开头股票代码与行情
VER0433,41249,assistant_random,华夏银行今日可买入吗,49,VERDICT_QUESTION__2,1.0,银行信息查询
VER0434,41258,assistant_random,协商只还本金会影响个人信用信用吗？,47,VERDICT_QUESTION__2,1.0,查询办理信用卡业务
VER0435,41269,assistant_random,友邦优享长伴终身护理保险有哪些缺点,18,VERDICT_QUESTION__1,1.0,查询保险相关业务
VER0436,41278,assistant_random,合众人寿未来会倒闭吗,16,VERDICT_QUESTION__1,1.0,查询人寿保险相关业务信息
VER0437,41283,assistant_random,后续办理风险高吗,19,VERDICT_QUESTION__1,1.0,车险购买与理赔咨询
VER0438,41325,assistant_random,在富登的APP上能看到我的贷款信息吗,52,VERDICT_QUESTION__2,1.0,下载安装金融类App
VER0439,41326,assistant_random,在澳门是否有支持人民币理财的比性价比比较高的银行？,36,VERDICT_QUESTION__2,1.0,人民币及货币信息查询
VER0440,41349,assistant_random,太平洋的学平险属于太平洋产险？还是太平洋保险？,21,VERDICT_QUESTION__1,1.0,保险公司电话查询
VER0441,41378,assistant_random,如果不办卡，贷款会自动取消吗,8,VERDICT_QUESTION__2,1.0,查询贷款信息
VER0442,41406,assistant_random,对呀，那互联网和金融与其同gp不如统计这种数据流之类的东西，就那种算力就相当于现实中的地皮,10,VERDICT_QUESTION__1,1.0,查询转账与账户业务可行性
VER0443,41414,assistant_random,就是这张卡，我昨天办完之后，我爸跟我说这个要三年后才能取出来用，而且以后也一直都是10块钱，这是真的吗？,10,VERDICT_QUESTION__2,1.0,查询转账与账户业务可行性
VER0444,41423,assistant_random,工行信用卡降额到0，还能恢复吗,47,VERDICT_QUESTION__2,1.0,查询办理信用卡业务
VER0445,41431,assistant_random,平安银行APP不绑卡能查助学贷款进度吗,52,VERDICT_QUESTION__2,1.0,下载安装金融类App
VER0446,41458,assistant_random,开能健康回调没量了，是不是可以买入,10,VERDICT_QUESTION__1,1.0,查询转账与账户业务可行性
VER0447,41466,assistant_random,征信花了，农行信用卡好下吗,47,VERDICT_QUESTION__2,1.0,查询办理信用卡业务
VER0448,41481,assistant_random,惠康科技是不已经跌破发行价了，那它的发行价如果跌破的话，是不是那些股东就是原来呢？在一级市场的股东都赔了,30,VERDICT_QUESTION__1,1.0,股票行情与选股建议查询
VER0449,41488,assistant_random,我目前十万元买农银降薪灵动360天理财安居悦享可不可以？,10,VERDICT_QUESTION__2,1.0,查询转账与账户业务可行性
VER0450,41490,assistant_random,我老婆自己缴纳了绍兴最基本的医保，我给他们买了越惠保，她自己还买了重疾险，我还有必要给她买好医保长期医疗吗？,19,VERDICT_QUESTION__1,1.0,车险购买与理赔咨询
VER0451,41494,assistant_random,我问你啊，他们就是把这个东西转办的时候，我这个材料是不是基于他们认可这个是有具有法律效力的才会转交？,10,VERDICT_QUESTION__1,1.0,查询转账与账户业务可行性
VER0452,41508,assistant_random,拓新药业股票24日有交易吗,26,VERDICT_QUESTION__1,1.0,查询个股股票行情与股吧讨论
VER0453,41511,assistant_random,拦截0开头号码会误伤银行客服吗,55,VERDICT_QUESTION__2,1.0,银行客服电话查询
VER0454,41517,assistant_random,捞财宝2026年有退款吗?,66,VERDICT_QUESTION__1,1.0,金融行情数据查询
VER0455,41520,assistant_random,授权代办方式是否更便捷,10,VERDICT_QUESTION__2,1.0,查询转账与账户业务可行性
VER0456,41527,assistant_random,支票的出票人可以记载自己为收款人吗,10,VERDICT_QUESTION__2,1.0,查询转账与账户业务可行性
VER0457,41529,assistant_random,数字人民币跨境支付能提升人民币国际占比吗,36,VERDICT_QUESTION__2,1.0,人民币及货币信息查询
VER0458,41535,assistant_random,新易盛今天会高开还是低开？高开意味着什么？低开意味着什么？低开，能走低开高走吗？,11,VERDICT_QUESTION__1,1.0,查询金融术语含义
VER0459,41551,assistant_random,易成新能是否属于高端材料股,30,VERDICT_QUESTION__1,1.0,股票行情与选股建议查询
VER0460,41553,assistant_random,星宇股份是股票吗？,45,VERDICT_QUESTION__1,1.0,查询股份公司及股票信息
VER0461,41561,assistant_random,晚上转账给个人能实时到账吗,10,VERDICT_QUESTION__2,1.0,查询转账与账户业务可行性
VER0462,41568,assistant_random,有可能阴转阳吗？可能性多大,10,VERDICT_QUESTION__1,1.0,查询转账与账户业务可行性
VER0463,41580,assistant_random,本人征信有问题，老婆的征信资质相当好，可否以老婆名义贷车在我名下呢？,14,VERDICT_QUESTION__2,1.0,个人征信报告查询与影响咨询
VER0464,41589,assistant_random,梦幻按揭年卡仙玉是一次性给吗,10,VERDICT_QUESTION__2,1.0,查询转账与账户业务可行性
VER0465,41590,assistant_random,楚天惠骑保电动二轮车吗？,19,VERDICT_QUESTION__1,1.0,车险购买与理赔咨询
VER0466,41619,assistant_random,浦发银行被国家列入高风险吗,49,VERDICT_QUESTION__1,1.0,银行信息查询
VER0467,41620,assistant_random,浦银不能一次转出大于1万额度，招银能否直接从浦银转入50万购买理财？,10,VERDICT_QUESTION__2,1.0,查询转账与账户业务可行性
VER0468,41634,assistant_random,涂双倍人民好吗？,36,VERDICT_QUESTION__1,1.0,人民币及货币信息查询
VER0469,41640,assistant_random,渝快保的赔付比例是否有限制,18,VERDICT_QUESTION__1,1.0,查询保险相关业务
VER0470,41643,assistant_random,港股江西铜业今天会收盘38吗？,30,VERDICT_QUESTION__1,1.0,股票行情与选股建议查询
VER0471,41646,assistant_random,湖南农信担公司能为沃力农公司提供借款保函吗？,17,VERDICT_QUESTION__2,1.0,查询保险公司信息
VER0472,41683,assistant_random,短期能上8元吗？,10,VERDICT_QUESTION__2,1.0,查询转账与账户业务可行性
VER0473,41691,assistant_random,福特翼虎前挡风玻璃更换有保险吗,18,VERDICT_QUESTION__1,1.0,查询保险相关业务
VER0474,41702,assistant_random,稠州银行属于国企还是私企,49,VERDICT_QUESTION__2,1.0,银行信息查询
VER0475,41705,assistant_random,算不算正规金融公司  有没有风险,17,VERDICT_QUESTION__1,1.0,查询保险公司信息
VER0476,41706,assistant_random,算利好吗？,65,VERDICT_QUESTION__1,1.0,计算存贷款利息
VER0477,41708,assistant_random,线上查询征信，都是免费的吗,14,VERDICT_QUESTION__2,1.0,个人征信报告查询与影响咨询
VER0478,41749,assistant_random,股票好上好对外公布对外这个额度担保是好事还是坏事？,30,VERDICT_QUESTION__1,1.0,股票行情与选股建议查询
VER0479,41756,assistant_random,自如可以押一付一吗,10,VERDICT_QUESTION__2,1.0,查询转账与账户业务可行性
VER0480,41775,assistant_random,西樵农商银行总行可以港币换人民币吗,33,VERDICT_QUESTION__2,1.0,查询人民币兑外币汇率
VER0481,41794,assistant_random,豹纹守宫容易断尾吗？,10,VERDICT_QUESTION__1,1.0,查询转账与账户业务可行性
VER0482,41807,assistant_random,身份证交给了别人，会不会被人小额贷款？,8,VERDICT_QUESTION__2,1.0,查询贷款信息
VER0483,41830,assistant_random,这套银币适合长期持有吗,10,VERDICT_QUESTION__2,1.0,查询转账与账户业务可行性
VER0484,41847,assistant_random,那在银行买银子和金子，他会把那个银条金条给我吗？,49,VERDICT_QUESTION__2,1.0,银行信息查询
VER0485,41859,assistant_random,重组期间股票还能正常交易吗,30,VERDICT_QUESTION__1,1.0,股票行情与选股建议查询
VER0486,41865,assistant_random,金控财智中心是否有可能改造为感知中心,10,VERDICT_QUESTION__1,1.0,查询转账与账户业务可行性
VER0487,41878,assistant_random,银行贷款只还自己的一半可以吗,8,VERDICT_QUESTION__2,1.0,查询贷款信息
VER0488,41880,assistant_random,长期0申报会影响个人征信吗,14,VERDICT_QUESTION__2,1.0,个人征信报告查询与影响咨询
VER0489,41884,assistant_random,长沙银行在北京有合作银行吗,49,VERDICT_QUESTION__2,1.0,银行信息查询
VER0490,41906,assistant_random,非香港居民开户是否需要亲自赴港,10,VERDICT_QUESTION__1,1.0,查询转账与账户业务可行性
VER0491,42057,assistant_voice_top,荞麦枕真的可以养生吗蚂蚁庄园,29,VERDICT_QUESTION__1,1.0,蚂蚁庄园今日答案查询
VER0492,42263,assistant_voice_top,为什么不建议存大额存单,70,VERDICT_QUESTION__2,1.0,查询定期存款利率
VER0493,42278,assistant_voice_top,港股今天休市吗,30,VERDICT_QUESTION__1,1.0,股票行情与选股建议查询
VER0494,42292,assistant_voice_top,今天港股休市吗,30,VERDICT_QUESTION__1,1.0,股票行情与选股建议查询
VER0495,42741,assistant_voice_top,芝麻分能当钱花吗,13,VERDICT_QUESTION__2,1.0,花呗操作查询
VER0496,42771,assistant_voice_top,今天港股不开盘吗,30,VERDICT_QUESTION__1,1.0,股票行情与选股建议查询
VER0497,42937,assistant_voice,A股当中的华大智造是做什么的是AI应用吗,30,VERDICT_QUESTION__1,1.0,股票行情与选股建议查询
VER0498,42938,assistant_voice,我的银行卡是外地的在当地能补办吗,48,VERDICT_QUESTION__2,1.0,银行卡业务查询与办理指导
VER0499,42940,assistant_voice,银行卡能跨行查流水吗,48,VERDICT_QUESTION__2,1.0,银行卡业务查询与办理指导
VER0500,42950,assistant_voice,使用花呗后还不上晚了一个月还可以吗,13,VERDICT_QUESTION__2,1.0,花呗操作查询
VER0501,42965,assistant_voice,车损险有没有必要买,19,VERDICT_QUESTION__1,1.0,车险购买与理赔咨询
VER0502,42966,assistant_voice,车损险有没有必要买,19,VERDICT_QUESTION__1,1.0,车险购买与理赔咨询
VER0503,42972,assistant_voice,中国工商银行周六周日会不会放假,49,VERDICT_QUESTION__2,1.0,银行信息查询
VER0504,42974,assistant_voice,亲属卡有没有限额,48,VERDICT_QUESTION__2,1.0,银行卡业务查询与办理指导
VER0505,42984,assistant_voice,晚上10点还款还信用卡有危险吗,47,VERDICT_QUESTION__2,1.0,查询办理信用卡业务
VER0506,43018,assistant_voice,股票买单有10000手散户可以一秒钟卖掉10000手吗,6,VERDICT_QUESTION__1,1.0,查询股票代码与指数信息
VER0507,43095,assistant_voice,家用车险过期后半个月再买可以吗,19,VERDICT_QUESTION__1,1.0,车险购买与理赔咨询
VER0508,43116,assistant_voice,一保险公司设置三十元免免赔额是意思我花费三十元以内他都不给我报销吗,17,VERDICT_QUESTION__1,1.0,查询保险公司信息
VER0509,43123,assistant_voice,银行双休日可以办卡吗,48,VERDICT_QUESTION__2,1.0,银行卡业务查询与办理指导
VER0510,43138,assistant_voice,汽车买保险送的安全检测有用吗,19,VERDICT_QUESTION__1,1.0,车险购买与理赔咨询
VER0511,43143,assistant_voice,上面合肥通卡上面印的是中银通支付这个卡在南京可以用吗,48,VERDICT_QUESTION__2,1.0,银行卡业务查询与办理指导
VER0512,43164,assistant_voice,美国银行存款加息了吗,70,VERDICT_QUESTION__2,1.0,查询定期存款利率
VER0513,43167,assistant_voice,去银行查流水账单需要本人身份证吗,10,VERDICT_QUESTION__2,1.0,查询转账与账户业务可行性
VER0514,43170,assistant_voice,大学生助学贷款八万元毕业时可以一次性还清八万元不还不给利息吗,8,VERDICT_QUESTION__2,1.0,查询贷款信息
VER0515,43193,assistant_voice,支付宝里面的高德打车经济型这个接单快吗,44,VERDICT_QUESTION__1,1.0,支付宝相关操作查询
VER0516,43194,assistant_voice,绑定支付宝能吗,44,VERDICT_QUESTION__2,1.0,支付宝相关操作查询
VER0517,43202,assistant_voice,车辆保险过期没有去交可以是否上路,19,VERDICT_QUESTION__1,1.0,车险购买与理赔咨询
VER0518,43218,assistant_voice,广州公交车上可以有微信支付吗,43,VERDICT_QUESTION__2,1.0,支付方式使用与设置查询
VER0519,43234,assistant_voice,跨境汇款可以撤回吗,10,VERDICT_QUESTION__2,1.0,查询转账与账户业务可行性
VER0520,43235,assistant_voice,ML CC是纯概念无业界科技股吗,22,VERDICT_QUESTION__1,1.0,查询科技股与科创板信息
VER0521,43236,assistant_voice,ML CC是纯概念无业界科技股吗,22,VERDICT_QUESTION__1,1.0,查询科技股与科创板信息
VER0522,43279,assistant_voice,去中国银行兑换外币没有中国银行的银行卡可以吗,53,VERDICT_QUESTION__2,1.0,中国银行服务信息查询
VER0523,43299,assistant_voice,手机银行转至后台运行有危险吗,10,VERDICT_QUESTION__2,1.0,查询转账与账户业务可行性
VER0524,43346,assistant_voice,老公的手机银行其实可以加入吗,10,VERDICT_QUESTION__2,1.0,查询转账与账户业务可行性
VER0525,43358,assistant_voice,支付宝账号就是手机账号吗,44,VERDICT_QUESTION__2,1.0,支付宝相关操作查询
VER0526,43359,assistant_voice,支付宝账号就是手机账号吗,44,VERDICT_QUESTION__2,1.0,支付宝相关操作查询
VER0527,43361,assistant_voice,身份证能办理贷款,8,VERDICT_QUESTION__2,1.0,查询贷款信息
VER0528,43400,assistant_voice,广东星空科技有个人单独lp o吗在科创板上市符合条件吗,22,VERDICT_QUESTION__1,1.0,查询科技股与科创板信息
VER0529,43435,assistant_voice,股票账户对倒是不是可以进入当天的交易量,10,VERDICT_QUESTION__1,1.0,查询转账与账户业务可行性
VER0530,43439,assistant_voice,节假日节假日银行能转账吗,10,VERDICT_QUESTION__2,1.0,查询转账与账户业务可行性
VER0531,43443,assistant_voice,农商银行倒闭了吗,49,VERDICT_QUESTION__2,1.0,银行信息查询
VER0532,43450,assistant_voice,用支付宝或者微信买电影票便宜吗,44,VERDICT_QUESTION__2,1.0,支付宝相关操作查询
VER0533,43453,assistant_voice,保险1期还能买吗,18,VERDICT_QUESTION__1,1.0,查询保险相关业务
VER0534,43475,assistant_voice,银行卡长时间未使用还还能用吗,48,VERDICT_QUESTION__2,1.0,银行卡业务查询与办理指导
VER0535,43480,assistant_voice,银行可以无卡取款,48,VERDICT_QUESTION__2,1.0,银行卡业务查询与办理指导
VER0536,43485,assistant_voice,哪个行可以办理VISA卡借记卡,48,VERDICT_QUESTION__2,1.0,银行卡业务查询与办理指导
VER0537,43487,assistant_voice,这个平安普惠贷的款那个担保费每个月担保费可不可以打电话取消,10,VERDICT_QUESTION__2,1.0,查询转账与账户业务可行性
VER0538,43498,assistant_voice,大学生助学贷款毕业当年还贷无需支付利息吗,8,VERDICT_QUESTION__2,1.0,查询贷款信息
VER0539,43515,assistant_voice,中国工商银行可以叫中国银行吗,53,VERDICT_QUESTION__2,1.0,中国银行服务信息查询
VER0540,43517,assistant_voice,是一个银行的银行卡ATM机能存钱吗,48,VERDICT_QUESTION__2,1.0,银行卡业务查询与办理指导
VER0541,43541,assistant_voice,支付宝一次能付40万吗,44,VERDICT_QUESTION__2,1.0,支付宝相关操作查询
VER0542,43548,assistant_voice,支付宝买了蚂蚁宝分12个月买买了6个月或者两个月以后不想买了可以吗,44,VERDICT_QUESTION__2,1.0,支付宝相关操作查询
VER0543,43549,assistant_voice,丰原药业有没有可能发行股票收购资产,26,VERDICT_QUESTION__1,1.0,查询个股股票行情与股吧讨论
VER0544,43561,assistant_voice,定期存款能变更户主吗,70,VERDICT_QUESTION__2,1.0,查询定期存款利率
VER0545,43569,assistant_voice,天际股份是不是一调查就ST了,45,VERDICT_QUESTION__1,1.0,查询股份公司及股票信息
VER0546,43592,assistant_voice,货物运输保险合同不能自由退保吗,18,VERDICT_QUESTION__1,1.0,查询保险相关业务
VER0547,43601,assistant_voice,首次住院平安险学平险可以报吗,19,VERDICT_QUESTION__1,1.0,车险购买与理赔咨询
VER0548,43614,assistant_voice,603986是主板还是科创板,0,VERDICT_QUESTION__1,1.0,股票代码查询
VER0549,43626,assistant_voice,公司银行卡能不能绑定微信,48,VERDICT_QUESTION__2,1.0,银行卡业务查询与办理指导
VER0550,43628,assistant_voice,保险赔偿不满意可以找车主吗,19,VERDICT_QUESTION__1,1.0,车险购买与理赔咨询
VER0551,43641,assistant_voice,半导体属于科技股吗,22,VERDICT_QUESTION__1,1.0,查询科技股与科创板信息
VER0552,43643,assistant_voice,车辆交了商业险强制险到期了还可以上路吗,19,VERDICT_QUESTION__1,1.0,车险购买与理赔咨询
VER0553,43657,assistant_voice,香港稳定币是派币吗,36,VERDICT_QUESTION__1,1.0,人民币及货币信息查询
VER0554,43661,assistant_voice,11点可以用公用支出吗,10,VERDICT_QUESTION__2,1.0,查询转账与账户业务可行性
VER0555,43670,assistant_voice,大豆干有邮政储蓄银行吗,49,VERDICT_QUESTION__2,1.0,银行信息查询
VER0556,43677,assistant_voice,包邮要付运费险吗,19,VERDICT_QUESTION__1,1.0,车险购买与理赔咨询
VER0557,43699,assistant_voice,银行发工资属于对公转账还是对私转账,10,VERDICT_QUESTION__2,1.0,查询转账与账户业务可行性
VER0558,43702,assistant_voice,车险无责出险一次第二年保费受影响吗,19,VERDICT_QUESTION__1,1.0,车险购买与理赔咨询
VER0559,43709,assistant_voice,贷款到期续保需不需要更换担保人,8,VERDICT_QUESTION__1,1.0,查询贷款信息
VER0560,43714,assistant_voice,银行卡二类卡变更成一类卡还得去柜台吗,48,VERDICT_QUESTION__2,1.0,银行卡业务查询与办理指导
VER0561,43727,assistant_voice,注销度小满之前要解绑银行卡吗,48,VERDICT_QUESTION__2,1.0,银行卡业务查询与办理指导
VER0562,43743,assistant_voice,银行的积存金可以随时买卖吗,10,VERDICT_QUESTION__2,1.0,查询转账与账户业务可行性
VER0563,43763,assistant_voice,银行2楼类卡是能转账吗,10,VERDICT_QUESTION__2,1.0,查询转账与账户业务可行性
VER0564,43764,assistant_voice,厂里的保险可以公司的保险加急买不,18,VERDICT_QUESTION__1,1.0,查询保险相关业务
VER0565,43780,assistant_voice,科技股是储物股吗,23,VERDICT_QUESTION__1,1.0,科技类股票信息查询
VER0566,43784,assistant_voice,中建环能有地下管网概念吗,30,VERDICT_QUESTION__1,1.0,股票行情与选股建议查询
VER0567,43800,assistant_voice,手机丢了余额宝里面的钱会不会被捡手机的人用掉,10,VERDICT_QUESTION__2,1.0,查询转账与账户业务可行性
VER0568,43805,assistant_voice,兆驰股份基本盘稳固吗,45,VERDICT_QUESTION__1,1.0,查询股份公司及股票信息
VER0569,43808,assistant_voice,猫的眼睛有病保了宠物险能报销吗,18,VERDICT_QUESTION__1,1.0,查询保险相关业务
VER0570,43816,assistant_voice,卡注销后银行卡会收回吗,48,VERDICT_QUESTION__2,1.0,银行卡业务查询与办理指导
VER0571,43829,assistant_voice,今天山东省阳信县柳口镇信用社上班吗,47,VERDICT_QUESTION__2,1.0,查询办理信用卡业务
VER0572,43855,assistant_voice,中嘉博创周一可不可以买,10,VERDICT_QUESTION__1,1.0,查询转账与账户业务可行性
VER0573,43865,assistant_voice,美团月付一旦开通了就取消吗,43,VERDICT_QUESTION__2,1.0,支付方式使用与设置查询
VER0574,43866,assistant_voice,美团月付一旦开通了就取消吗,43,VERDICT_QUESTION__2,1.0,支付方式使用与设置查询
VER0575,43867,assistant_voice,打新股预约成功后过几天可以预约时错过了第二天还能预约吗,10,VERDICT_QUESTION__1,1.0,查询转账与账户业务可行性
VER0576,43897,assistant_voice,腾讯都是股东靠投资嗯比阿里巴巴强实际上他没有自己的核心业务,30,VERDICT_QUESTION__1,1.0,股票行情与选股建议查询
VER0577,43899,assistant_voice,去东南亚咖喱岛那边玩那边可以使用微信和支付宝吗,43,VERDICT_QUESTION__2,1.0,支付方式使用与设置查询
VER0578,43900,assistant_voice,误点了那个什么保险单然后人家直接扣我的保险保险款我现在想取消掉我可以打肖,18,VERDICT_QUESTION__1,1.0,查询保险相关业务
VER0579,43913,assistant_voice,用了微信分付能上征信吗,14,VERDICT_QUESTION__2,1.0,个人征信报告查询与影响咨询
VER0580,43914,assistant_voice,45岁男性交了重疾险还没满2年能不能退,19,VERDICT_QUESTION__1,1.0,车险购买与理赔咨询
VER0581,43917,assistant_voice,网宿科技适合长线持有吗,22,VERDICT_QUESTION__1,1.0,查询科技股与科创板信息
