外层,外层名,快照,source,n,内层,内层名,条数,占比%,95CI低%,95CI高%
QUOTE_LOOKUP,查询可报价品种实时行情与价格,2025搜索,2025search,5018,QUOTE_LOOKUP__2,QUOTE_LOOKUP__2,2974,59.27,57.9,60.62
QUOTE_LOOKUP,查询可报价品种实时行情与价格,2025搜索,2025search,5018,QUOTE_LOOKUP__3,QUOTE_LOOKUP__3,1052,20.96,19.86,22.11
QUOTE_LOOKUP,查询可报价品种实时行情与价格,2025搜索,2025search,5018,QUOTE_LOOKUP__1,QUOTE_LOOKUP__1,992,19.77,18.69,20.89
PAGE_NAV,打开目标页面或获取官方应用入口,2025搜索,2025search,1381,PAGE_NAV__2,PAGE_NAV__2,1073,77.7,75.43,79.81
PAGE_NAV,打开目标页面或获取官方应用入口,2025搜索,2025search,1381,PAGE_NAV__1,PAGE_NAV__1,308,22.3,20.19,24.57
FX_CONVERT,查询汇率并换算外币金额,2025搜索,2025search,985,FX_CONVERT__1,FX_CONVERT__1,679,68.93,65.98,71.75
FX_CONVERT,查询汇率并换算外币金额,2025搜索,2025search,985,FX_CONVERT__2,FX_CONVERT__2,306,31.07,28.25,34.02
RESOLVE_BARE_ENTITY,解析裸非可报价名称,2025搜索,2025search,725,RESOLVE_BARE_ENTITY__5,RESOLVE_BARE_ENTITY__5,192,26.48,23.4,29.81
RESOLVE_BARE_ENTITY,解析裸非可报价名称,2025搜索,2025search,725,RESOLVE_BARE_ENTITY__3,RESOLVE_BARE_ENTITY__3,159,21.93,19.07,25.09
RESOLVE_BARE_ENTITY,解析裸非可报价名称,2025搜索,2025search,725,RESOLVE_BARE_ENTITY__2,RESOLVE_BARE_ENTITY__2,134,18.48,15.83,21.47
RESOLVE_BARE_ENTITY,解析裸非可报价名称,2025搜索,2025search,725,RESOLVE_BARE_ENTITY__6,RESOLVE_BARE_ENTITY__6,104,14.34,11.98,17.08
RESOLVE_BARE_ENTITY,解析裸非可报价名称,2025搜索,2025search,725,RESOLVE_BARE_ENTITY__1,RESOLVE_BARE_ENTITY__1,80,11.03,8.96,13.52
RESOLVE_BARE_ENTITY,解析裸非可报价名称,2025搜索,2025search,725,RESOLVE_BARE_ENTITY__4,RESOLVE_BARE_ENTITY__4,56,7.72,6.0,9.9
OTHER_INTENT,其他非金融意图或无明确意图,2025搜索,2025search,204,OTHER_INTENT__2,OTHER_INTENT__2,116,56.86,50.0,63.47
OTHER_INTENT,其他非金融意图或无明确意图,2025搜索,2025search,204,OTHER_INTENT__4,OTHER_INTENT__4,32,15.69,11.34,21.31
OTHER_INTENT,其他非金融意图或无明确意图,2025搜索,2025search,204,OTHER_INTENT__5,OTHER_INTENT__5,31,15.2,10.92,20.76
OTHER_INTENT,其他非金融意图或无明确意图,2025搜索,2025search,204,OTHER_INTENT__3,OTHER_INTENT__3,14,6.86,4.13,11.19
OTHER_INTENT,其他非金融意图或无明确意图,2025搜索,2025search,204,OTHER_INTENT__1,OTHER_INTENT__1,11,5.39,3.04,9.4
CONTACT_BRANCH_LOOKUP,查询机构联系方式、网点信息及号码归属,2025搜索,2025search,576,CONTACT_BRANCH_LOOKUP__4,CONTACT_BRANCH_LOOKUP__4,291,50.52,46.45,54.59
CONTACT_BRANCH_LOOKUP,查询机构联系方式、网点信息及号码归属,2025搜索,2025search,576,CONTACT_BRANCH_LOOKUP__1,CONTACT_BRANCH_LOOKUP__1,117,20.31,17.23,23.79
CONTACT_BRANCH_LOOKUP,查询机构联系方式、网点信息及号码归属,2025搜索,2025search,576,CONTACT_BRANCH_LOOKUP__2,CONTACT_BRANCH_LOOKUP__2,95,16.49,13.69,19.74
CONTACT_BRANCH_LOOKUP,查询机构联系方式、网点信息及号码归属,2025搜索,2025search,576,CONTACT_BRANCH_LOOKUP__3,CONTACT_BRANCH_LOOKUP__3,47,8.16,6.19,10.68
CONTACT_BRANCH_LOOKUP,查询机构联系方式、网点信息及号码归属,2025搜索,2025search,576,CONTACT_BRANCH_LOOKUP__5,CONTACT_BRANCH_LOOKUP__5,26,4.51,3.1,6.53
CONCEPT_EXPLAIN,解释金融术语与交易/业务规则,2025搜索,2025search,266,CONCEPT_EXPLAIN__3,CONCEPT_EXPLAIN__3,131,49.25,43.29,55.22
CONCEPT_EXPLAIN,解释金融术语与交易/业务规则,2025搜索,2025search,266,CONCEPT_EXPLAIN__2,CONCEPT_EXPLAIN__2,107,40.23,34.51,46.22
CONCEPT_EXPLAIN,解释金融术语与交易/业务规则,2025搜索,2025search,266,CONCEPT_EXPLAIN__1,CONCEPT_EXPLAIN__1,28,10.53,7.38,14.79
RATE_CALC,查询利率、费率、限额并试算利息/还款,2025搜索,2025search,233,RATE_CALC__2,RATE_CALC__2,155,66.52,60.24,72.27
RATE_CALC,查询利率、费率、限额并试算利息/还款,2025搜索,2025search,233,RATE_CALC__1,RATE_CALC__1,78,33.48,27.73,39.76
VERDICT_QUESTION,对“是不是/是A还是B”给出裁决结论,2025搜索,2025search,80,VERDICT_QUESTION__2,VERDICT_QUESTION__2,49,61.25,50.29,71.18
VERDICT_QUESTION,对“是不是/是A还是B”给出裁决结论,2025搜索,2025search,80,VERDICT_QUESTION__1,VERDICT_QUESTION__1,31,38.75,28.82,49.71
HOWTO_OPERATE,获取银行/支付业务办理步骤与所需资料,2025搜索,2025search,225,HOWTO_OPERATE__2,HOWTO_OPERATE__2,75,33.33,27.5,39.73
HOWTO_OPERATE,获取银行/支付业务办理步骤与所需资料,2025搜索,2025search,225,HOWTO_OPERATE__6,HOWTO_OPERATE__6,42,18.67,14.12,24.27
HOWTO_OPERATE,获取银行/支付业务办理步骤与所需资料,2025搜索,2025search,225,HOWTO_OPERATE__4,HOWTO_OPERATE__4,36,16.0,11.79,21.35
HOWTO_OPERATE,获取银行/支付业务办理步骤与所需资料,2025搜索,2025search,225,HOWTO_OPERATE__5,HOWTO_OPERATE__5,31,13.78,9.88,18.89
HOWTO_OPERATE,获取银行/支付业务办理步骤与所需资料,2025搜索,2025search,225,HOWTO_OPERATE__1,HOWTO_OPERATE__1,25,11.11,7.64,15.89
HOWTO_OPERATE,获取银行/支付业务办理步骤与所需资料,2025搜索,2025search,225,HOWTO_OPERATE__3,HOWTO_OPERATE__3,16,7.11,4.42,11.24
ENTITY_VERIFY,核验机构平台与金融信息来源的真伪资质,2025搜索,2025search,93,ENTITY_VERIFY__1,ENTITY_VERIFY__1,58,62.37,52.21,71.54
ENTITY_VERIFY,核验机构平台与金融信息来源的真伪资质,2025搜索,2025search,93,ENTITY_VERIFY__2,ENTITY_VERIFY__2,35,37.63,28.46,47.79
ENTITY_IDENTITY_CHECK,确认或反查标的代码与名称对应,2025搜索,2025search,22,ENTITY_IDENTITY_CHECK__1,ENTITY_IDENTITY_CHECK__1,22,100.0,85.13,100.0
INVEST_ADVICE,请求个股买卖持有决策与涨跌预测,2025搜索,2025search,57,INVEST_ADVICE__3,INVEST_ADVICE__3,28,49.12,36.62,61.74
INVEST_ADVICE,请求个股买卖持有决策与涨跌预测,2025搜索,2025search,57,INVEST_ADVICE__2,INVEST_ADVICE__2,15,26.32,16.65,38.98
INVEST_ADVICE,请求个股买卖持有决策与涨跌预测,2025搜索,2025search,57,INVEST_ADVICE__1,INVEST_ADVICE__1,10,17.54,9.82,29.37
INVEST_ADVICE,请求个股买卖持有决策与涨跌预测,2025搜索,2025search,57,INVEST_ADVICE__4,INVEST_ADVICE__4,4,7.02,2.76,16.7
TXN_ISSUE,排查账户与交易异常,2025搜索,2025search,36,TXN_ISSUE__3,TXN_ISSUE__3,12,33.33,20.21,49.67
TXN_ISSUE,排查账户与交易异常,2025搜索,2025search,36,TXN_ISSUE__2,TXN_ISSUE__2,9,25.0,13.75,41.07
TXN_ISSUE,排查账户与交易异常,2025搜索,2025search,36,TXN_ISSUE__1,TXN_ISSUE__1,7,19.44,9.75,35.03
TXN_ISSUE,排查账户与交易异常,2025搜索,2025search,36,TXN_ISSUE__5,TXN_ISSUE__5,5,13.89,6.08,28.66
TXN_ISSUE,排查账户与交易异常,2025搜索,2025search,36,TXN_ISSUE__4,TXN_ISSUE__4,3,8.33,2.87,21.83
COMPARISON_DECISION,比较两个金融对象并给出取舍,2025搜索,2025search,25,COMPARISON_DECISION__1,COMPARISON_DECISION__1,25,100.0,86.68,100.0
DEBT_DISTRESS,处理逾期催收与还款困境,2025搜索,2025search,15,DEBT_DISTRESS__1,DEBT_DISTRESS__1,15,100.0,79.61,100.0
STATUS_DECODE,解读粘贴的提示与界面状态,2025搜索,2025search,2,STATUS_DECODE__1,STATUS_DECODE__1,2,100.0,34.24,100.0
NEWS_EVENT,查询个股与公司层面的消息、公告与进度,2025搜索,2025search,40,NEWS_EVENT__2,NEWS_EVENT__2,16,40.0,26.35,55.4
NEWS_EVENT,查询个股与公司层面的消息、公告与进度,2025搜索,2025search,40,NEWS_EVENT__4,NEWS_EVENT__4,10,25.0,14.19,40.19
NEWS_EVENT,查询个股与公司层面的消息、公告与进度,2025搜索,2025search,40,NEWS_EVENT__1,NEWS_EVENT__1,9,22.5,12.32,37.5
NEWS_EVENT,查询个股与公司层面的消息、公告与进度,2025搜索,2025search,40,NEWS_EVENT__5,NEWS_EVENT__5,4,10.0,3.96,23.05
NEWS_EVENT,查询个股与公司层面的消息、公告与进度,2025搜索,2025search,40,NEWS_EVENT__3,NEWS_EVENT__3,1,2.5,0.44,12.88
MARKET_MOVEMENT_EXPLAIN,解释已发生市场现象的原因,2025搜索,2025search,7,MARKET_MOVEMENT_EXPLAIN__1,MARKET_MOVEMENT_EXPLAIN__1,7,100.0,64.57,100.0
SEEK_CREDIT_WORKAROUND,寻找绕征信借款或评估征信修复,2025搜索,2025search,8,SEEK_CREDIT_WORKAROUND__1,SEEK_CREDIT_WORKAROUND__1,8,100.0,67.56,100.0
QUOTE_LOOKUP,查询可报价品种实时行情与价格,2025搜索随机1w,2025search_rand,1049,QUOTE_LOOKUP__2,QUOTE_LOOKUP__2,601,57.29,54.28,60.25
QUOTE_LOOKUP,查询可报价品种实时行情与价格,2025搜索随机1w,2025search_rand,1049,QUOTE_LOOKUP__1,QUOTE_LOOKUP__1,313,29.84,27.15,32.68
QUOTE_LOOKUP,查询可报价品种实时行情与价格,2025搜索随机1w,2025search_rand,1049,QUOTE_LOOKUP__3,QUOTE_LOOKUP__3,135,12.87,10.98,15.03
HOWTO_OPERATE,获取银行/支付业务办理步骤与所需资料,2025搜索随机1w,2025search_rand,1231,HOWTO_OPERATE__6,HOWTO_OPERATE__6,371,30.14,27.64,32.76
HOWTO_OPERATE,获取银行/支付业务办理步骤与所需资料,2025搜索随机1w,2025search_rand,1231,HOWTO_OPERATE__2,HOWTO_OPERATE__2,233,18.93,16.84,21.21
HOWTO_OPERATE,获取银行/支付业务办理步骤与所需资料,2025搜索随机1w,2025search_rand,1231,HOWTO_OPERATE__4,HOWTO_OPERATE__4,197,16.0,14.06,18.16
HOWTO_OPERATE,获取银行/支付业务办理步骤与所需资料,2025搜索随机1w,2025search_rand,1231,HOWTO_OPERATE__1,HOWTO_OPERATE__1,179,14.54,12.68,16.62
HOWTO_OPERATE,获取银行/支付业务办理步骤与所需资料,2025搜索随机1w,2025search_rand,1231,HOWTO_OPERATE__5,HOWTO_OPERATE__5,146,11.86,10.17,13.79
HOWTO_OPERATE,获取银行/支付业务办理步骤与所需资料,2025搜索随机1w,2025search_rand,1231,HOWTO_OPERATE__3,HOWTO_OPERATE__3,105,8.53,7.1,10.22
RESOLVE_BARE_ENTITY,解析裸非可报价名称,2025搜索随机1w,2025search_rand,472,RESOLVE_BARE_ENTITY__2,RESOLVE_BARE_ENTITY__2,136,28.81,24.91,33.06
RESOLVE_BARE_ENTITY,解析裸非可报价名称,2025搜索随机1w,2025search_rand,472,RESOLVE_BARE_ENTITY__3,RESOLVE_BARE_ENTITY__3,112,23.73,20.11,27.77
RESOLVE_BARE_ENTITY,解析裸非可报价名称,2025搜索随机1w,2025search_rand,472,RESOLVE_BARE_ENTITY__5,RESOLVE_BARE_ENTITY__5,72,15.25,12.29,18.78
RESOLVE_BARE_ENTITY,解析裸非可报价名称,2025搜索随机1w,2025search_rand,472,RESOLVE_BARE_ENTITY__1,RESOLVE_BARE_ENTITY__1,67,14.19,11.33,17.63
RESOLVE_BARE_ENTITY,解析裸非可报价名称,2025搜索随机1w,2025search_rand,472,RESOLVE_BARE_ENTITY__6,RESOLVE_BARE_ENTITY__6,64,13.56,10.76,16.94
RESOLVE_BARE_ENTITY,解析裸非可报价名称,2025搜索随机1w,2025search_rand,472,RESOLVE_BARE_ENTITY__4,RESOLVE_BARE_ENTITY__4,21,4.45,2.93,6.71
VERDICT_QUESTION,对“是不是/是A还是B”给出裁决结论,2025搜索随机1w,2025search_rand,1088,VERDICT_QUESTION__2,VERDICT_QUESTION__2,783,71.97,69.22,74.56
VERDICT_QUESTION,对“是不是/是A还是B”给出裁决结论,2025搜索随机1w,2025search_rand,1088,VERDICT_QUESTION__1,VERDICT_QUESTION__1,305,28.03,25.44,30.78
ENTITY_VERIFY,核验机构平台与金融信息来源的真伪资质,2025搜索随机1w,2025search_rand,153,ENTITY_VERIFY__2,ENTITY_VERIFY__2,108,70.59,62.94,77.23
ENTITY_VERIFY,核验机构平台与金融信息来源的真伪资质,2025搜索随机1w,2025search_rand,153,ENTITY_VERIFY__1,ENTITY_VERIFY__1,45,29.41,22.77,37.06
RATE_CALC,查询利率、费率、限额并试算利息/还款,2025搜索随机1w,2025search_rand,1012,RATE_CALC__1,RATE_CALC__1,535,52.87,49.79,55.92
RATE_CALC,查询利率、费率、限额并试算利息/还款,2025搜索随机1w,2025search_rand,1012,RATE_CALC__2,RATE_CALC__2,477,47.13,44.08,50.21
STATUS_DECODE,解读粘贴的提示与界面状态,2025搜索随机1w,2025search_rand,24,STATUS_DECODE__1,STATUS_DECODE__1,24,100.0,86.2,100.0
TXN_ISSUE,排查账户与交易异常,2025搜索随机1w,2025search_rand,518,TXN_ISSUE__3,TXN_ISSUE__3,179,34.56,30.59,38.75
TXN_ISSUE,排查账户与交易异常,2025搜索随机1w,2025search_rand,518,TXN_ISSUE__5,TXN_ISSUE__5,122,23.55,20.1,27.39
TXN_ISSUE,排查账户与交易异常,2025搜索随机1w,2025search_rand,518,TXN_ISSUE__1,TXN_ISSUE__1,103,19.88,16.67,23.54
TXN_ISSUE,排查账户与交易异常,2025搜索随机1w,2025search_rand,518,TXN_ISSUE__4,TXN_ISSUE__4,78,15.06,12.24,18.39
TXN_ISSUE,排查账户与交易异常,2025搜索随机1w,2025search_rand,518,TXN_ISSUE__2,TXN_ISSUE__2,36,6.95,5.06,9.47
CONTACT_BRANCH_LOOKUP,查询机构联系方式、网点信息及号码归属,2025搜索随机1w,2025search_rand,1103,CONTACT_BRANCH_LOOKUP__3,CONTACT_BRANCH_LOOKUP__3,716,64.91,62.05,67.67
CONTACT_BRANCH_LOOKUP,查询机构联系方式、网点信息及号码归属,2025搜索随机1w,2025search_rand,1103,CONTACT_BRANCH_LOOKUP__4,CONTACT_BRANCH_LOOKUP__4,181,16.41,14.34,18.71
CONTACT_BRANCH_LOOKUP,查询机构联系方式、网点信息及号码归属,2025搜索随机1w,2025search_rand,1103,CONTACT_BRANCH_LOOKUP__2,CONTACT_BRANCH_LOOKUP__2,106,9.61,8.01,11.49
CONTACT_BRANCH_LOOKUP,查询机构联系方式、网点信息及号码归属,2025搜索随机1w,2025search_rand,1103,CONTACT_BRANCH_LOOKUP__5,CONTACT_BRANCH_LOOKUP__5,71,6.44,5.13,8.04
CONTACT_BRANCH_LOOKUP,查询机构联系方式、网点信息及号码归属,2025搜索随机1w,2025search_rand,1103,CONTACT_BRANCH_LOOKUP__1,CONTACT_BRANCH_LOOKUP__1,29,2.63,1.84,3.75
PAGE_NAV,打开目标页面或获取官方应用入口,2025搜索随机1w,2025search_rand,338,PAGE_NAV__1,PAGE_NAV__1,197,58.28,52.96,63.42
PAGE_NAV,打开目标页面或获取官方应用入口,2025搜索随机1w,2025search_rand,338,PAGE_NAV__2,PAGE_NAV__2,141,41.72,36.58,47.04
ENTITY_IDENTITY_CHECK,确认或反查标的代码与名称对应,2025搜索随机1w,2025search_rand,78,ENTITY_IDENTITY_CHECK__1,ENTITY_IDENTITY_CHECK__1,78,100.0,95.31,100.0
OTHER_INTENT,其他非金融意图或无明确意图,2025搜索随机1w,2025search_rand,616,OTHER_INTENT__3,OTHER_INTENT__3,188,30.52,27.01,34.27
OTHER_INTENT,其他非金融意图或无明确意图,2025搜索随机1w,2025search_rand,616,OTHER_INTENT__4,OTHER_INTENT__4,163,26.46,23.13,30.08
OTHER_INTENT,其他非金融意图或无明确意图,2025搜索随机1w,2025search_rand,616,OTHER_INTENT__1,OTHER_INTENT__1,144,23.38,20.21,26.88
OTHER_INTENT,其他非金融意图或无明确意图,2025搜索随机1w,2025search_rand,616,OTHER_INTENT__5,OTHER_INTENT__5,99,16.07,13.38,19.18
OTHER_INTENT,其他非金融意图或无明确意图,2025搜索随机1w,2025search_rand,616,OTHER_INTENT__2,OTHER_INTENT__2,22,3.57,2.37,5.35
CONCEPT_EXPLAIN,解释金融术语与交易/业务规则,2025搜索随机1w,2025search_rand,1037,CONCEPT_EXPLAIN__3,CONCEPT_EXPLAIN__3,506,48.79,45.76,51.84
CONCEPT_EXPLAIN,解释金融术语与交易/业务规则,2025搜索随机1w,2025search_rand,1037,CONCEPT_EXPLAIN__2,CONCEPT_EXPLAIN__2,419,40.41,37.46,43.42
CONCEPT_EXPLAIN,解释金融术语与交易/业务规则,2025搜索随机1w,2025search_rand,1037,CONCEPT_EXPLAIN__1,CONCEPT_EXPLAIN__1,112,10.8,9.05,12.84
FX_CONVERT,查询汇率并换算外币金额,2025搜索随机1w,2025search_rand,584,FX_CONVERT__2,FX_CONVERT__2,374,64.04,60.07,67.83
FX_CONVERT,查询汇率并换算外币金额,2025搜索随机1w,2025search_rand,584,FX_CONVERT__1,FX_CONVERT__1,210,35.96,32.17,39.93
NEWS_EVENT,查询个股与公司层面的消息、公告与进度,2025搜索随机1w,2025search_rand,273,NEWS_EVENT__1,NEWS_EVENT__1,108,39.56,33.94,45.47
NEWS_EVENT,查询个股与公司层面的消息、公告与进度,2025搜索随机1w,2025search_rand,273,NEWS_EVENT__5,NEWS_EVENT__5,49,17.95,13.85,22.94
NEWS_EVENT,查询个股与公司层面的消息、公告与进度,2025搜索随机1w,2025search_rand,273,NEWS_EVENT__3,NEWS_EVENT__3,46,16.85,12.88,21.74
NEWS_EVENT,查询个股与公司层面的消息、公告与进度,2025搜索随机1w,2025search_rand,273,NEWS_EVENT__2,NEWS_EVENT__2,42,15.38,11.59,20.14
NEWS_EVENT,查询个股与公司层面的消息、公告与进度,2025搜索随机1w,2025search_rand,273,NEWS_EVENT__4,NEWS_EVENT__4,28,10.26,7.19,14.42
INVEST_ADVICE,请求个股买卖持有决策与涨跌预测,2025搜索随机1w,2025search_rand,186,INVEST_ADVICE__2,INVEST_ADVICE__2,90,48.39,41.31,55.53
INVEST_ADVICE,请求个股买卖持有决策与涨跌预测,2025搜索随机1w,2025search_rand,186,INVEST_ADVICE__1,INVEST_ADVICE__1,66,35.48,28.96,42.59
INVEST_ADVICE,请求个股买卖持有决策与涨跌预测,2025搜索随机1w,2025search_rand,186,INVEST_ADVICE__3,INVEST_ADVICE__3,19,10.22,6.64,15.4
INVEST_ADVICE,请求个股买卖持有决策与涨跌预测,2025搜索随机1w,2025search_rand,186,INVEST_ADVICE__4,INVEST_ADVICE__4,11,5.91,3.33,10.28
DEBT_DISTRESS,处理逾期催收与还款困境,2025搜索随机1w,2025search_rand,71,DEBT_DISTRESS__1,DEBT_DISTRESS__1,71,100.0,94.87,100.0
MARKET_MOVEMENT_EXPLAIN,解释已发生市场现象的原因,2025搜索随机1w,2025search_rand,56,MARKET_MOVEMENT_EXPLAIN__1,MARKET_MOVEMENT_EXPLAIN__1,56,100.0,93.58,100.0
COMPARISON_DECISION,比较两个金融对象并给出取舍,2025搜索随机1w,2025search_rand,100,COMPARISON_DECISION__1,COMPARISON_DECISION__1,100,100.0,96.3,100.0
SEEK_CREDIT_WORKAROUND,寻找绕征信借款或评估征信修复,2025搜索随机1w,2025search_rand,11,SEEK_CREDIT_WORKAROUND__1,SEEK_CREDIT_WORKAROUND__1,11,100.0,74.12,100.0
QUOTE_LOOKUP,查询可报价品种实时行情与价格,2026搜索,2026search,6282,QUOTE_LOOKUP__2,QUOTE_LOOKUP__2,3891,61.94,60.73,63.13
QUOTE_LOOKUP,查询可报价品种实时行情与价格,2026搜索,2026search,6282,QUOTE_LOOKUP__1,QUOTE_LOOKUP__1,1234,19.64,18.68,20.64
QUOTE_LOOKUP,查询可报价品种实时行情与价格,2026搜索,2026search,6282,QUOTE_LOOKUP__3,QUOTE_LOOKUP__3,1157,18.42,17.48,19.4
PAGE_NAV,打开目标页面或获取官方应用入口,2026搜索,2026search,1591,PAGE_NAV__2,PAGE_NAV__2,1411,88.69,87.04,90.15
PAGE_NAV,打开目标页面或获取官方应用入口,2026搜索,2026search,1591,PAGE_NAV__1,PAGE_NAV__1,180,11.31,9.85,12.96
FX_CONVERT,查询汇率并换算外币金额,2026搜索,2026search,717,FX_CONVERT__1,FX_CONVERT__1,584,81.45,78.44,84.13
FX_CONVERT,查询汇率并换算外币金额,2026搜索,2026search,717,FX_CONVERT__2,FX_CONVERT__2,133,18.55,15.87,21.56
RESOLVE_BARE_ENTITY,解析裸非可报价名称,2026搜索,2026search,414,RESOLVE_BARE_ENTITY__5,RESOLVE_BARE_ENTITY__5,116,28.02,23.91,32.53
RESOLVE_BARE_ENTITY,解析裸非可报价名称,2026搜索,2026search,414,RESOLVE_BARE_ENTITY__2,RESOLVE_BARE_ENTITY__2,85,20.53,16.92,24.68
RESOLVE_BARE_ENTITY,解析裸非可报价名称,2026搜索,2026search,414,RESOLVE_BARE_ENTITY__3,RESOLVE_BARE_ENTITY__3,79,19.08,15.59,23.14
RESOLVE_BARE_ENTITY,解析裸非可报价名称,2026搜索,2026search,414,RESOLVE_BARE_ENTITY__4,RESOLVE_BARE_ENTITY__4,57,13.77,10.78,17.42
RESOLVE_BARE_ENTITY,解析裸非可报价名称,2026搜索,2026search,414,RESOLVE_BARE_ENTITY__6,RESOLVE_BARE_ENTITY__6,45,10.87,8.22,14.24
RESOLVE_BARE_ENTITY,解析裸非可报价名称,2026搜索,2026search,414,RESOLVE_BARE_ENTITY__1,RESOLVE_BARE_ENTITY__1,32,7.73,5.53,10.71
OTHER_INTENT,其他非金融意图或无明确意图,2026搜索,2026search,97,OTHER_INTENT__2,OTHER_INTENT__2,51,52.58,42.73,62.23
OTHER_INTENT,其他非金融意图或无明确意图,2026搜索,2026search,97,OTHER_INTENT__4,OTHER_INTENT__4,26,26.8,19.0,36.38
OTHER_INTENT,其他非金融意图或无明确意图,2026搜索,2026search,97,OTHER_INTENT__5,OTHER_INTENT__5,9,9.28,4.96,16.7
OTHER_INTENT,其他非金融意图或无明确意图,2026搜索,2026search,97,OTHER_INTENT__3,OTHER_INTENT__3,7,7.22,3.54,14.15
OTHER_INTENT,其他非金融意图或无明确意图,2026搜索,2026search,97,OTHER_INTENT__1,OTHER_INTENT__1,4,4.12,1.62,10.13
CONTACT_BRANCH_LOOKUP,查询机构联系方式、网点信息及号码归属,2026搜索,2026search,331,CONTACT_BRANCH_LOOKUP__4,CONTACT_BRANCH_LOOKUP__4,160,48.34,43.0,53.71
CONTACT_BRANCH_LOOKUP,查询机构联系方式、网点信息及号码归属,2026搜索,2026search,331,CONTACT_BRANCH_LOOKUP__1,CONTACT_BRANCH_LOOKUP__1,98,29.61,24.95,34.74
CONTACT_BRANCH_LOOKUP,查询机构联系方式、网点信息及号码归属,2026搜索,2026search,331,CONTACT_BRANCH_LOOKUP__2,CONTACT_BRANCH_LOOKUP__2,48,14.5,11.12,18.7
CONTACT_BRANCH_LOOKUP,查询机构联系方式、网点信息及号码归属,2026搜索,2026search,331,CONTACT_BRANCH_LOOKUP__3,CONTACT_BRANCH_LOOKUP__3,15,4.53,2.77,7.34
CONTACT_BRANCH_LOOKUP,查询机构联系方式、网点信息及号码归属,2026搜索,2026search,331,CONTACT_BRANCH_LOOKUP__5,CONTACT_BRANCH_LOOKUP__5,10,3.02,1.65,5.47
HOWTO_OPERATE,获取银行/支付业务办理步骤与所需资料,2026搜索,2026search,84,HOWTO_OPERATE__2,HOWTO_OPERATE__2,28,33.33,24.18,43.95
HOWTO_OPERATE,获取银行/支付业务办理步骤与所需资料,2026搜索,2026search,84,HOWTO_OPERATE__6,HOWTO_OPERATE__6,18,21.43,14.01,31.35
HOWTO_OPERATE,获取银行/支付业务办理步骤与所需资料,2026搜索,2026search,84,HOWTO_OPERATE__5,HOWTO_OPERATE__5,13,15.48,9.27,24.7
HOWTO_OPERATE,获取银行/支付业务办理步骤与所需资料,2026搜索,2026search,84,HOWTO_OPERATE__4,HOWTO_OPERATE__4,11,13.1,7.47,21.95
HOWTO_OPERATE,获取银行/支付业务办理步骤与所需资料,2026搜索,2026search,84,HOWTO_OPERATE__1,HOWTO_OPERATE__1,7,8.33,4.1,16.22
HOWTO_OPERATE,获取银行/支付业务办理步骤与所需资料,2026搜索,2026search,84,HOWTO_OPERATE__3,HOWTO_OPERATE__3,7,8.33,4.1,16.22
CONCEPT_EXPLAIN,解释金融术语与交易/业务规则,2026搜索,2026search,154,CONCEPT_EXPLAIN__2,CONCEPT_EXPLAIN__2,98,63.64,55.79,70.82
CONCEPT_EXPLAIN,解释金融术语与交易/业务规则,2026搜索,2026search,154,CONCEPT_EXPLAIN__3,CONCEPT_EXPLAIN__3,46,29.87,23.2,37.52
CONCEPT_EXPLAIN,解释金融术语与交易/业务规则,2026搜索,2026search,154,CONCEPT_EXPLAIN__1,CONCEPT_EXPLAIN__1,10,6.49,3.57,11.54
NEWS_EVENT,查询个股与公司层面的消息、公告与进度,2026搜索,2026search,61,NEWS_EVENT__1,NEWS_EVENT__1,27,44.26,32.51,56.7
NEWS_EVENT,查询个股与公司层面的消息、公告与进度,2026搜索,2026search,61,NEWS_EVENT__2,NEWS_EVENT__2,27,44.26,32.51,56.7
NEWS_EVENT,查询个股与公司层面的消息、公告与进度,2026搜索,2026search,61,NEWS_EVENT__5,NEWS_EVENT__5,5,8.2,3.55,17.79
NEWS_EVENT,查询个股与公司层面的消息、公告与进度,2026搜索,2026search,61,NEWS_EVENT__3,NEWS_EVENT__3,1,1.64,0.29,8.72
NEWS_EVENT,查询个股与公司层面的消息、公告与进度,2026搜索,2026search,61,NEWS_EVENT__4,NEWS_EVENT__4,1,1.64,0.29,8.72
RATE_CALC,查询利率、费率、限额并试算利息/还款,2026搜索,2026search,84,RATE_CALC__2,RATE_CALC__2,53,63.1,52.42,72.63
RATE_CALC,查询利率、费率、限额并试算利息/还款,2026搜索,2026search,84,RATE_CALC__1,RATE_CALC__1,31,36.9,27.37,47.58
ENTITY_VERIFY,核验机构平台与金融信息来源的真伪资质,2026搜索,2026search,33,ENTITY_VERIFY__1,ENTITY_VERIFY__1,23,69.7,52.66,82.62
ENTITY_VERIFY,核验机构平台与金融信息来源的真伪资质,2026搜索,2026search,33,ENTITY_VERIFY__2,ENTITY_VERIFY__2,10,30.3,17.38,47.34
VERDICT_QUESTION,对“是不是/是A还是B”给出裁决结论,2026搜索,2026search,27,VERDICT_QUESTION__2,VERDICT_QUESTION__2,15,55.56,37.31,72.41
VERDICT_QUESTION,对“是不是/是A还是B”给出裁决结论,2026搜索,2026search,27,VERDICT_QUESTION__1,VERDICT_QUESTION__1,12,44.44,27.59,62.69
INVEST_ADVICE,请求个股买卖持有决策与涨跌预测,2026搜索,2026search,54,INVEST_ADVICE__3,INVEST_ADVICE__3,30,55.56,42.38,68.0
INVEST_ADVICE,请求个股买卖持有决策与涨跌预测,2026搜索,2026search,54,INVEST_ADVICE__1,INVEST_ADVICE__1,9,16.67,9.02,28.74
INVEST_ADVICE,请求个股买卖持有决策与涨跌预测,2026搜索,2026search,54,INVEST_ADVICE__2,INVEST_ADVICE__2,9,16.67,9.02,28.74
INVEST_ADVICE,请求个股买卖持有决策与涨跌预测,2026搜索,2026search,54,INVEST_ADVICE__4,INVEST_ADVICE__4,6,11.11,5.19,22.19
ENTITY_IDENTITY_CHECK,确认或反查标的代码与名称对应,2026搜索,2026search,40,ENTITY_IDENTITY_CHECK__1,ENTITY_IDENTITY_CHECK__1,40,100.0,91.24,100.0
MARKET_MOVEMENT_EXPLAIN,解释已发生市场现象的原因,2026搜索,2026search,5,MARKET_MOVEMENT_EXPLAIN__1,MARKET_MOVEMENT_EXPLAIN__1,5,100.0,56.55,100.0
TXN_ISSUE,排查账户与交易异常,2026搜索,2026search,17,TXN_ISSUE__1,TXN_ISSUE__1,5,29.41,13.28,53.13
TXN_ISSUE,排查账户与交易异常,2026搜索,2026search,17,TXN_ISSUE__5,TXN_ISSUE__5,5,29.41,13.28,53.13
TXN_ISSUE,排查账户与交易异常,2026搜索,2026search,17,TXN_ISSUE__2,TXN_ISSUE__2,3,17.65,6.19,41.03
TXN_ISSUE,排查账户与交易异常,2026搜索,2026search,17,TXN_ISSUE__4,TXN_ISSUE__4,2,11.76,3.29,34.34
TXN_ISSUE,排查账户与交易异常,2026搜索,2026search,17,TXN_ISSUE__3,TXN_ISSUE__3,2,11.76,3.29,34.34
COMPARISON_DECISION,比较两个金融对象并给出取舍,2026搜索,2026search,6,COMPARISON_DECISION__1,COMPARISON_DECISION__1,6,100.0,60.97,100.0
DEBT_DISTRESS,处理逾期催收与还款困境,2026搜索,2026search,2,DEBT_DISTRESS__1,DEBT_DISTRESS__1,2,100.0,34.24,100.0
RATE_CALC,查询利率、费率、限额并试算利息/还款,2026搜索随机1w,2026search_rand,822,RATE_CALC__1,RATE_CALC__1,443,53.89,50.47,57.27
RATE_CALC,查询利率、费率、限额并试算利息/还款,2026搜索随机1w,2026search_rand,822,RATE_CALC__2,RATE_CALC__2,379,46.11,42.73,49.53
FX_CONVERT,查询汇率并换算外币金额,2026搜索随机1w,2026search_rand,627,FX_CONVERT__2,FX_CONVERT__2,379,60.45,56.57,64.2
FX_CONVERT,查询汇率并换算外币金额,2026搜索随机1w,2026search_rand,627,FX_CONVERT__1,FX_CONVERT__1,248,39.55,35.8,43.43
PAGE_NAV,打开目标页面或获取官方应用入口,2026搜索随机1w,2026search_rand,320,PAGE_NAV__1,PAGE_NAV__1,161,50.31,44.86,55.75
PAGE_NAV,打开目标页面或获取官方应用入口,2026搜索随机1w,2026search_rand,320,PAGE_NAV__2,PAGE_NAV__2,159,49.69,44.25,55.14
QUOTE_LOOKUP,查询可报价品种实时行情与价格,2026搜索随机1w,2026search_rand,1667,QUOTE_LOOKUP__2,QUOTE_LOOKUP__2,990,59.39,57.01,61.72
QUOTE_LOOKUP,查询可报价品种实时行情与价格,2026搜索随机1w,2026search_rand,1667,QUOTE_LOOKUP__1,QUOTE_LOOKUP__1,454,27.23,25.15,29.42
QUOTE_LOOKUP,查询可报价品种实时行情与价格,2026搜索随机1w,2026search_rand,1667,QUOTE_LOOKUP__3,QUOTE_LOOKUP__3,223,13.38,11.83,15.1
HOWTO_OPERATE,获取银行/支付业务办理步骤与所需资料,2026搜索随机1w,2026search_rand,954,HOWTO_OPERATE__6,HOWTO_OPERATE__6,312,32.7,29.8,35.75
HOWTO_OPERATE,获取银行/支付业务办理步骤与所需资料,2026搜索随机1w,2026search_rand,954,HOWTO_OPERATE__2,HOWTO_OPERATE__2,204,21.38,18.9,24.1
HOWTO_OPERATE,获取银行/支付业务办理步骤与所需资料,2026搜索随机1w,2026search_rand,954,HOWTO_OPERATE__5,HOWTO_OPERATE__5,124,13.0,11.01,15.28
HOWTO_OPERATE,获取银行/支付业务办理步骤与所需资料,2026搜索随机1w,2026search_rand,954,HOWTO_OPERATE__1,HOWTO_OPERATE__1,123,12.89,10.91,15.17
HOWTO_OPERATE,获取银行/支付业务办理步骤与所需资料,2026搜索随机1w,2026search_rand,954,HOWTO_OPERATE__4,HOWTO_OPERATE__4,123,12.89,10.91,15.17
HOWTO_OPERATE,获取银行/支付业务办理步骤与所需资料,2026搜索随机1w,2026search_rand,954,HOWTO_OPERATE__3,HOWTO_OPERATE__3,68,7.13,5.66,8.94
CONCEPT_EXPLAIN,解释金融术语与交易/业务规则,2026搜索随机1w,2026search_rand,1071,CONCEPT_EXPLAIN__2,CONCEPT_EXPLAIN__2,569,53.13,50.13,56.1
CONCEPT_EXPLAIN,解释金融术语与交易/业务规则,2026搜索随机1w,2026search_rand,1071,CONCEPT_EXPLAIN__3,CONCEPT_EXPLAIN__3,416,38.84,35.97,41.8
CONCEPT_EXPLAIN,解释金融术语与交易/业务规则,2026搜索随机1w,2026search_rand,1071,CONCEPT_EXPLAIN__1,CONCEPT_EXPLAIN__1,86,8.03,6.55,9.81
TXN_ISSUE,排查账户与交易异常,2026搜索随机1w,2026search_rand,417,TXN_ISSUE__3,TXN_ISSUE__3,137,32.85,28.52,37.5
TXN_ISSUE,排查账户与交易异常,2026搜索随机1w,2026search_rand,417,TXN_ISSUE__5,TXN_ISSUE__5,105,25.18,21.25,29.56
TXN_ISSUE,排查账户与交易异常,2026搜索随机1w,2026search_rand,417,TXN_ISSUE__1,TXN_ISSUE__1,88,21.1,17.46,25.27
TXN_ISSUE,排查账户与交易异常,2026搜索随机1w,2026search_rand,417,TXN_ISSUE__4,TXN_ISSUE__4,54,12.95,10.06,16.51
TXN_ISSUE,排查账户与交易异常,2026搜索随机1w,2026search_rand,417,TXN_ISSUE__2,TXN_ISSUE__2,33,7.91,5.69,10.91
CONTACT_BRANCH_LOOKUP,查询机构联系方式、网点信息及号码归属,2026搜索随机1w,2026search_rand,907,CONTACT_BRANCH_LOOKUP__3,CONTACT_BRANCH_LOOKUP__3,551,60.75,57.53,63.88
CONTACT_BRANCH_LOOKUP,查询机构联系方式、网点信息及号码归属,2026搜索随机1w,2026search_rand,907,CONTACT_BRANCH_LOOKUP__4,CONTACT_BRANCH_LOOKUP__4,157,17.31,14.99,19.91
CONTACT_BRANCH_LOOKUP,查询机构联系方式、网点信息及号码归属,2026搜索随机1w,2026search_rand,907,CONTACT_BRANCH_LOOKUP__2,CONTACT_BRANCH_LOOKUP__2,102,11.25,9.35,13.47
CONTACT_BRANCH_LOOKUP,查询机构联系方式、网点信息及号码归属,2026搜索随机1w,2026search_rand,907,CONTACT_BRANCH_LOOKUP__5,CONTACT_BRANCH_LOOKUP__5,65,7.17,5.66,9.03
CONTACT_BRANCH_LOOKUP,查询机构联系方式、网点信息及号码归属,2026搜索随机1w,2026search_rand,907,CONTACT_BRANCH_LOOKUP__1,CONTACT_BRANCH_LOOKUP__1,32,3.53,2.51,4.94
OTHER_INTENT,其他非金融意图或无明确意图,2026搜索随机1w,2026search_rand,529,OTHER_INTENT__4,OTHER_INTENT__4,166,31.38,27.57,35.46
OTHER_INTENT,其他非金融意图或无明确意图,2026搜索随机1w,2026search_rand,529,OTHER_INTENT__3,OTHER_INTENT__3,149,28.17,24.5,32.15
OTHER_INTENT,其他非金融意图或无明确意图,2026搜索随机1w,2026search_rand,529,OTHER_INTENT__1,OTHER_INTENT__1,116,21.93,18.61,25.65
OTHER_INTENT,其他非金融意图或无明确意图,2026搜索随机1w,2026search_rand,529,OTHER_INTENT__5,OTHER_INTENT__5,76,14.37,11.63,17.61
OTHER_INTENT,其他非金融意图或无明确意图,2026搜索随机1w,2026search_rand,529,OTHER_INTENT__2,OTHER_INTENT__2,22,4.16,2.76,6.22
INVEST_ADVICE,请求个股买卖持有决策与涨跌预测,2026搜索随机1w,2026search_rand,421,INVEST_ADVICE__2,INVEST_ADVICE__2,188,44.66,39.98,49.43
INVEST_ADVICE,请求个股买卖持有决策与涨跌预测,2026搜索随机1w,2026search_rand,421,INVEST_ADVICE__1,INVEST_ADVICE__1,153,36.34,31.89,41.04
INVEST_ADVICE,请求个股买卖持有决策与涨跌预测,2026搜索随机1w,2026search_rand,421,INVEST_ADVICE__3,INVEST_ADVICE__3,55,13.06,10.18,16.62
INVEST_ADVICE,请求个股买卖持有决策与涨跌预测,2026搜索随机1w,2026search_rand,421,INVEST_ADVICE__4,INVEST_ADVICE__4,25,5.94,4.05,8.62
COMPARISON_DECISION,比较两个金融对象并给出取舍,2026搜索随机1w,2026search_rand,111,COMPARISON_DECISION__1,COMPARISON_DECISION__1,111,100.0,96.65,100.0
VERDICT_QUESTION,对“是不是/是A还是B”给出裁决结论,2026搜索随机1w,2026search_rand,900,VERDICT_QUESTION__2,VERDICT_QUESTION__2,577,64.11,60.92,67.18
VERDICT_QUESTION,对“是不是/是A还是B”给出裁决结论,2026搜索随机1w,2026search_rand,900,VERDICT_QUESTION__1,VERDICT_QUESTION__1,323,35.89,32.82,39.08
STATUS_DECODE,解读粘贴的提示与界面状态,2026搜索随机1w,2026search_rand,22,STATUS_DECODE__1,STATUS_DECODE__1,22,100.0,85.13,100.0
NEWS_EVENT,查询个股与公司层面的消息、公告与进度,2026搜索随机1w,2026search_rand,459,NEWS_EVENT__1,NEWS_EVENT__1,208,45.32,40.82,49.89
NEWS_EVENT,查询个股与公司层面的消息、公告与进度,2026搜索随机1w,2026search_rand,459,NEWS_EVENT__5,NEWS_EVENT__5,107,23.31,19.67,27.39
NEWS_EVENT,查询个股与公司层面的消息、公告与进度,2026搜索随机1w,2026search_rand,459,NEWS_EVENT__2,NEWS_EVENT__2,75,16.34,13.24,20.0
NEWS_EVENT,查询个股与公司层面的消息、公告与进度,2026搜索随机1w,2026search_rand,459,NEWS_EVENT__3,NEWS_EVENT__3,48,10.46,7.98,13.59
NEWS_EVENT,查询个股与公司层面的消息、公告与进度,2026搜索随机1w,2026search_rand,459,NEWS_EVENT__4,NEWS_EVENT__4,21,4.58,3.01,6.89
RESOLVE_BARE_ENTITY,解析裸非可报价名称,2026搜索随机1w,2026search_rand,411,RESOLVE_BARE_ENTITY__2,RESOLVE_BARE_ENTITY__2,127,30.9,26.63,35.53
RESOLVE_BARE_ENTITY,解析裸非可报价名称,2026搜索随机1w,2026search_rand,411,RESOLVE_BARE_ENTITY__5,RESOLVE_BARE_ENTITY__5,81,19.71,16.15,23.83
RESOLVE_BARE_ENTITY,解析裸非可报价名称,2026搜索随机1w,2026search_rand,411,RESOLVE_BARE_ENTITY__3,RESOLVE_BARE_ENTITY__3,71,17.27,13.93,21.23
RESOLVE_BARE_ENTITY,解析裸非可报价名称,2026搜索随机1w,2026search_rand,411,RESOLVE_BARE_ENTITY__1,RESOLVE_BARE_ENTITY__1,59,14.36,11.3,18.08
RESOLVE_BARE_ENTITY,解析裸非可报价名称,2026搜索随机1w,2026search_rand,411,RESOLVE_BARE_ENTITY__6,RESOLVE_BARE_ENTITY__6,48,11.68,8.92,15.14
RESOLVE_BARE_ENTITY,解析裸非可报价名称,2026搜索随机1w,2026search_rand,411,RESOLVE_BARE_ENTITY__4,RESOLVE_BARE_ENTITY__4,25,6.08,4.15,8.83
ENTITY_VERIFY,核验机构平台与金融信息来源的真伪资质,2026搜索随机1w,2026search_rand,100,ENTITY_VERIFY__2,ENTITY_VERIFY__2,66,66.0,56.28,74.54
ENTITY_VERIFY,核验机构平台与金融信息来源的真伪资质,2026搜索随机1w,2026search_rand,100,ENTITY_VERIFY__1,ENTITY_VERIFY__1,34,34.0,25.46,43.72
MARKET_MOVEMENT_EXPLAIN,解释已发生市场现象的原因,2026搜索随机1w,2026search_rand,99,MARKET_MOVEMENT_EXPLAIN__1,MARKET_MOVEMENT_EXPLAIN__1,99,100.0,96.26,100.0
ENTITY_IDENTITY_CHECK,确认或反查标的代码与名称对应,2026搜索随机1w,2026search_rand,118,ENTITY_IDENTITY_CHECK__1,ENTITY_IDENTITY_CHECK__1,118,100.0,96.85,100.0
SEEK_CREDIT_WORKAROUND,寻找绕征信借款或评估征信修复,2026搜索随机1w,2026search_rand,4,SEEK_CREDIT_WORKAROUND__1,SEEK_CREDIT_WORKAROUND__1,4,100.0,51.01,100.0
DEBT_DISTRESS,处理逾期催收与还款困境,2026搜索随机1w,2026search_rand,41,DEBT_DISTRESS__1,DEBT_DISTRESS__1,41,100.0,91.43,100.0
QUOTE_LOOKUP,查询可报价品种实时行情与价格,助手头部1k,assistant_top,456,QUOTE_LOOKUP__2,QUOTE_LOOKUP__2,293,64.25,59.75,68.52
QUOTE_LOOKUP,查询可报价品种实时行情与价格,助手头部1k,assistant_top,456,QUOTE_LOOKUP__1,QUOTE_LOOKUP__1,151,33.11,28.95,37.56
QUOTE_LOOKUP,查询可报价品种实时行情与价格,助手头部1k,assistant_top,456,QUOTE_LOOKUP__3,QUOTE_LOOKUP__3,12,2.63,1.51,4.54
RATE_CALC,查询利率、费率、限额并试算利息/还款,助手头部1k,assistant_top,29,RATE_CALC__1,RATE_CALC__1,22,75.86,57.89,87.78
RATE_CALC,查询利率、费率、限额并试算利息/还款,助手头部1k,assistant_top,29,RATE_CALC__2,RATE_CALC__2,7,24.14,12.22,42.11
FX_CONVERT,查询汇率并换算外币金额,助手头部1k,assistant_top,84,FX_CONVERT__1,FX_CONVERT__1,67,79.76,69.96,86.96
FX_CONVERT,查询汇率并换算外币金额,助手头部1k,assistant_top,84,FX_CONVERT__2,FX_CONVERT__2,17,20.24,13.04,30.04
NEWS_EVENT,查询个股与公司层面的消息、公告与进度,助手头部1k,assistant_top,16,NEWS_EVENT__5,NEWS_EVENT__5,5,31.25,14.16,55.6
NEWS_EVENT,查询个股与公司层面的消息、公告与进度,助手头部1k,assistant_top,16,NEWS_EVENT__1,NEWS_EVENT__1,5,31.25,14.16,55.6
NEWS_EVENT,查询个股与公司层面的消息、公告与进度,助手头部1k,assistant_top,16,NEWS_EVENT__4,NEWS_EVENT__4,4,25.0,10.18,49.5
NEWS_EVENT,查询个股与公司层面的消息、公告与进度,助手头部1k,assistant_top,16,NEWS_EVENT__2,NEWS_EVENT__2,2,12.5,3.5,36.02
TXN_ISSUE,排查账户与交易异常,助手头部1k,assistant_top,44,TXN_ISSUE__3,TXN_ISSUE__3,30,68.18,53.44,80.0
TXN_ISSUE,排查账户与交易异常,助手头部1k,assistant_top,44,TXN_ISSUE__2,TXN_ISSUE__2,6,13.64,6.4,26.71
TXN_ISSUE,排查账户与交易异常,助手头部1k,assistant_top,44,TXN_ISSUE__4,TXN_ISSUE__4,5,11.36,4.95,23.98
TXN_ISSUE,排查账户与交易异常,助手头部1k,assistant_top,44,TXN_ISSUE__1,TXN_ISSUE__1,3,6.82,2.35,18.23
INVEST_ADVICE,请求个股买卖持有决策与涨跌预测,助手头部1k,assistant_top,62,INVEST_ADVICE__4,INVEST_ADVICE__4,20,32.26,21.95,44.63
INVEST_ADVICE,请求个股买卖持有决策与涨跌预测,助手头部1k,assistant_top,62,INVEST_ADVICE__2,INVEST_ADVICE__2,19,30.65,20.58,42.97
INVEST_ADVICE,请求个股买卖持有决策与涨跌预测,助手头部1k,assistant_top,62,INVEST_ADVICE__1,INVEST_ADVICE__1,17,27.42,17.88,39.59
INVEST_ADVICE,请求个股买卖持有决策与涨跌预测,助手头部1k,assistant_top,62,INVEST_ADVICE__3,INVEST_ADVICE__3,6,9.68,4.51,19.55
OTHER_INTENT,其他非金融意图或无明确意图,助手头部1k,assistant_top,59,OTHER_INTENT__2,OTHER_INTENT__2,33,55.93,43.29,67.85
OTHER_INTENT,其他非金融意图或无明确意图,助手头部1k,assistant_top,59,OTHER_INTENT__5,OTHER_INTENT__5,11,18.64,10.74,30.38
OTHER_INTENT,其他非金融意图或无明确意图,助手头部1k,assistant_top,59,OTHER_INTENT__3,OTHER_INTENT__3,6,10.17,4.74,20.46
OTHER_INTENT,其他非金融意图或无明确意图,助手头部1k,assistant_top,59,OTHER_INTENT__4,OTHER_INTENT__4,5,8.47,3.67,18.35
OTHER_INTENT,其他非金融意图或无明确意图,助手头部1k,assistant_top,59,OTHER_INTENT__1,OTHER_INTENT__1,4,6.78,2.67,16.18
CONTACT_BRANCH_LOOKUP,查询机构联系方式、网点信息及号码归属,助手头部1k,assistant_top,18,CONTACT_BRANCH_LOOKUP__4,CONTACT_BRANCH_LOOKUP__4,9,50.0,29.03,70.97
CONTACT_BRANCH_LOOKUP,查询机构联系方式、网点信息及号码归属,助手头部1k,assistant_top,18,CONTACT_BRANCH_LOOKUP__2,CONTACT_BRANCH_LOOKUP__2,4,22.22,9.0,45.22
CONTACT_BRANCH_LOOKUP,查询机构联系方式、网点信息及号码归属,助手头部1k,assistant_top,18,CONTACT_BRANCH_LOOKUP__1,CONTACT_BRANCH_LOOKUP__1,3,16.67,5.84,39.22
CONTACT_BRANCH_LOOKUP,查询机构联系方式、网点信息及号码归属,助手头部1k,assistant_top,18,CONTACT_BRANCH_LOOKUP__3,CONTACT_BRANCH_LOOKUP__3,2,11.11,3.1,32.8
VERDICT_QUESTION,对“是不是/是A还是B”给出裁决结论,助手头部1k,assistant_top,8,VERDICT_QUESTION__2,VERDICT_QUESTION__2,5,62.5,30.57,86.32
VERDICT_QUESTION,对“是不是/是A还是B”给出裁决结论,助手头部1k,assistant_top,8,VERDICT_QUESTION__1,VERDICT_QUESTION__1,3,37.5,13.68,69.43
CONCEPT_EXPLAIN,解释金融术语与交易/业务规则,助手头部1k,assistant_top,20,CONCEPT_EXPLAIN__3,CONCEPT_EXPLAIN__3,13,65.0,43.29,81.88
CONCEPT_EXPLAIN,解释金融术语与交易/业务规则,助手头部1k,assistant_top,20,CONCEPT_EXPLAIN__2,CONCEPT_EXPLAIN__2,7,35.0,18.12,56.71
ENTITY_IDENTITY_CHECK,确认或反查标的代码与名称对应,助手头部1k,assistant_top,4,ENTITY_IDENTITY_CHECK__1,ENTITY_IDENTITY_CHECK__1,4,100.0,51.01,100.0
RESOLVE_BARE_ENTITY,解析裸非可报价名称,助手头部1k,assistant_top,73,RESOLVE_BARE_ENTITY__2,RESOLVE_BARE_ENTITY__2,17,23.29,15.08,34.17
RESOLVE_BARE_ENTITY,解析裸非可报价名称,助手头部1k,assistant_top,73,RESOLVE_BARE_ENTITY__3,RESOLVE_BARE_ENTITY__3,17,23.29,15.08,34.17
RESOLVE_BARE_ENTITY,解析裸非可报价名称,助手头部1k,assistant_top,73,RESOLVE_BARE_ENTITY__5,RESOLVE_BARE_ENTITY__5,14,19.18,11.78,29.66
RESOLVE_BARE_ENTITY,解析裸非可报价名称,助手头部1k,assistant_top,73,RESOLVE_BARE_ENTITY__6,RESOLVE_BARE_ENTITY__6,12,16.44,9.66,26.57
RESOLVE_BARE_ENTITY,解析裸非可报价名称,助手头部1k,assistant_top,73,RESOLVE_BARE_ENTITY__1,RESOLVE_BARE_ENTITY__1,11,15.07,8.63,25.0
RESOLVE_BARE_ENTITY,解析裸非可报价名称,助手头部1k,assistant_top,73,RESOLVE_BARE_ENTITY__4,RESOLVE_BARE_ENTITY__4,2,2.74,0.75,9.45
COMPARISON_DECISION,比较两个金融对象并给出取舍,助手头部1k,assistant_top,12,COMPARISON_DECISION__1,COMPARISON_DECISION__1,12,100.0,75.75,100.0
PAGE_NAV,打开目标页面或获取官方应用入口,助手头部1k,assistant_top,30,PAGE_NAV__1,PAGE_NAV__1,29,96.67,83.33,99.41
PAGE_NAV,打开目标页面或获取官方应用入口,助手头部1k,assistant_top,30,PAGE_NAV__2,PAGE_NAV__2,1,3.33,0.59,16.67
HOWTO_OPERATE,获取银行/支付业务办理步骤与所需资料,助手头部1k,assistant_top,20,HOWTO_OPERATE__6,HOWTO_OPERATE__6,5,25.0,11.19,46.87
HOWTO_OPERATE,获取银行/支付业务办理步骤与所需资料,助手头部1k,assistant_top,20,HOWTO_OPERATE__5,HOWTO_OPERATE__5,5,25.0,11.19,46.87
HOWTO_OPERATE,获取银行/支付业务办理步骤与所需资料,助手头部1k,assistant_top,20,HOWTO_OPERATE__4,HOWTO_OPERATE__4,3,15.0,5.24,36.04
HOWTO_OPERATE,获取银行/支付业务办理步骤与所需资料,助手头部1k,assistant_top,20,HOWTO_OPERATE__2,HOWTO_OPERATE__2,3,15.0,5.24,36.04
HOWTO_OPERATE,获取银行/支付业务办理步骤与所需资料,助手头部1k,assistant_top,20,HOWTO_OPERATE__3,HOWTO_OPERATE__3,2,10.0,2.79,30.1
HOWTO_OPERATE,获取银行/支付业务办理步骤与所需资料,助手头部1k,assistant_top,20,HOWTO_OPERATE__1,HOWTO_OPERATE__1,2,10.0,2.79,30.1
ENTITY_VERIFY,核验机构平台与金融信息来源的真伪资质,助手头部1k,assistant_top,7,ENTITY_VERIFY__2,ENTITY_VERIFY__2,4,57.14,25.05,84.18
ENTITY_VERIFY,核验机构平台与金融信息来源的真伪资质,助手头部1k,assistant_top,7,ENTITY_VERIFY__1,ENTITY_VERIFY__1,3,42.86,15.82,74.95
DEBT_DISTRESS,处理逾期催收与还款困境,助手头部1k,assistant_top,3,DEBT_DISTRESS__1,DEBT_DISTRESS__1,3,100.0,43.85,100.0
STATUS_DECODE,解读粘贴的提示与界面状态,助手头部1k,assistant_top,3,STATUS_DECODE__1,STATUS_DECODE__1,3,100.0,43.85,100.0
MARKET_MOVEMENT_EXPLAIN,解释已发生市场现象的原因,助手头部1k,assistant_top,1,MARKET_MOVEMENT_EXPLAIN__1,MARKET_MOVEMENT_EXPLAIN__1,1,100.0,20.65,100.0
SEEK_CREDIT_WORKAROUND,寻找绕征信借款或评估征信修复,助手头部1k,assistant_top,1,SEEK_CREDIT_WORKAROUND__1,SEEK_CREDIT_WORKAROUND__1,1,100.0,20.65,100.0
INVEST_ADVICE,请求个股买卖持有决策与涨跌预测,助手随机1k,assistant_random,160,INVEST_ADVICE__2,INVEST_ADVICE__2,86,53.75,46.03,61.3
INVEST_ADVICE,请求个股买卖持有决策与涨跌预测,助手随机1k,assistant_random,160,INVEST_ADVICE__1,INVEST_ADVICE__1,57,35.62,28.62,43.3
INVEST_ADVICE,请求个股买卖持有决策与涨跌预测,助手随机1k,assistant_random,160,INVEST_ADVICE__4,INVEST_ADVICE__4,11,6.88,3.88,11.89
INVEST_ADVICE,请求个股买卖持有决策与涨跌预测,助手随机1k,assistant_random,160,INVEST_ADVICE__3,INVEST_ADVICE__3,6,3.75,1.73,7.94
QUOTE_LOOKUP,查询可报价品种实时行情与价格,助手随机1k,assistant_random,79,QUOTE_LOOKUP__2,QUOTE_LOOKUP__2,41,51.9,41.05,62.57
QUOTE_LOOKUP,查询可报价品种实时行情与价格,助手随机1k,assistant_random,79,QUOTE_LOOKUP__1,QUOTE_LOOKUP__1,35,44.3,33.87,55.27
QUOTE_LOOKUP,查询可报价品种实时行情与价格,助手随机1k,assistant_random,79,QUOTE_LOOKUP__3,QUOTE_LOOKUP__3,3,3.8,1.3,10.58
RATE_CALC,查询利率、费率、限额并试算利息/还款,助手随机1k,assistant_random,98,RATE_CALC__1,RATE_CALC__1,60,61.22,51.33,70.27
RATE_CALC,查询利率、费率、限额并试算利息/还款,助手随机1k,assistant_random,98,RATE_CALC__2,RATE_CALC__2,38,38.78,29.73,48.67
OTHER_INTENT,其他非金融意图或无明确意图,助手随机1k,assistant_random,100,OTHER_INTENT__4,OTHER_INTENT__4,50,50.0,40.38,59.62
OTHER_INTENT,其他非金融意图或无明确意图,助手随机1k,assistant_random,100,OTHER_INTENT__3,OTHER_INTENT__3,28,28.0,20.14,37.49
OTHER_INTENT,其他非金融意图或无明确意图,助手随机1k,assistant_random,100,OTHER_INTENT__1,OTHER_INTENT__1,12,12.0,7.0,19.81
OTHER_INTENT,其他非金融意图或无明确意图,助手随机1k,assistant_random,100,OTHER_INTENT__5,OTHER_INTENT__5,9,9.0,4.81,16.23
OTHER_INTENT,其他非金融意图或无明确意图,助手随机1k,assistant_random,100,OTHER_INTENT__2,OTHER_INTENT__2,1,1.0,0.18,5.45
FX_CONVERT,查询汇率并换算外币金额,助手随机1k,assistant_random,22,FX_CONVERT__2,FX_CONVERT__2,13,59.09,38.73,76.74
FX_CONVERT,查询汇率并换算外币金额,助手随机1k,assistant_random,22,FX_CONVERT__1,FX_CONVERT__1,9,40.91,23.26,61.27
VERDICT_QUESTION,对“是不是/是A还是B”给出裁决结论,助手随机1k,assistant_random,76,VERDICT_QUESTION__2,VERDICT_QUESTION__2,41,53.95,42.82,64.69
VERDICT_QUESTION,对“是不是/是A还是B”给出裁决结论,助手随机1k,assistant_random,76,VERDICT_QUESTION__1,VERDICT_QUESTION__1,35,46.05,35.31,57.18
NEWS_EVENT,查询个股与公司层面的消息、公告与进度,助手随机1k,assistant_random,79,NEWS_EVENT__1,NEWS_EVENT__1,27,34.18,24.67,45.15
NEWS_EVENT,查询个股与公司层面的消息、公告与进度,助手随机1k,assistant_random,79,NEWS_EVENT__5,NEWS_EVENT__5,26,32.91,23.55,43.85
NEWS_EVENT,查询个股与公司层面的消息、公告与进度,助手随机1k,assistant_random,79,NEWS_EVENT__4,NEWS_EVENT__4,14,17.72,10.86,27.58
NEWS_EVENT,查询个股与公司层面的消息、公告与进度,助手随机1k,assistant_random,79,NEWS_EVENT__2,NEWS_EVENT__2,6,7.59,3.53,15.6
NEWS_EVENT,查询个股与公司层面的消息、公告与进度,助手随机1k,assistant_random,79,NEWS_EVENT__3,NEWS_EVENT__3,6,7.59,3.53,15.6
CONCEPT_EXPLAIN,解释金融术语与交易/业务规则,助手随机1k,assistant_random,139,CONCEPT_EXPLAIN__2,CONCEPT_EXPLAIN__2,83,59.71,51.4,67.5
CONCEPT_EXPLAIN,解释金融术语与交易/业务规则,助手随机1k,assistant_random,139,CONCEPT_EXPLAIN__3,CONCEPT_EXPLAIN__3,47,33.81,26.48,42.02
CONCEPT_EXPLAIN,解释金融术语与交易/业务规则,助手随机1k,assistant_random,139,CONCEPT_EXPLAIN__1,CONCEPT_EXPLAIN__1,9,6.47,3.44,11.85
MARKET_MOVEMENT_EXPLAIN,解释已发生市场现象的原因,助手随机1k,assistant_random,27,MARKET_MOVEMENT_EXPLAIN__1,MARKET_MOVEMENT_EXPLAIN__1,27,100.0,87.54,100.0
HOWTO_OPERATE,获取银行/支付业务办理步骤与所需资料,助手随机1k,assistant_random,83,HOWTO_OPERATE__5,HOWTO_OPERATE__5,22,26.51,18.2,36.89
HOWTO_OPERATE,获取银行/支付业务办理步骤与所需资料,助手随机1k,assistant_random,83,HOWTO_OPERATE__6,HOWTO_OPERATE__6,18,21.69,14.18,31.7
HOWTO_OPERATE,获取银行/支付业务办理步骤与所需资料,助手随机1k,assistant_random,83,HOWTO_OPERATE__1,HOWTO_OPERATE__1,18,21.69,14.18,31.7
HOWTO_OPERATE,获取银行/支付业务办理步骤与所需资料,助手随机1k,assistant_random,83,HOWTO_OPERATE__2,HOWTO_OPERATE__2,10,12.05,6.68,20.78
HOWTO_OPERATE,获取银行/支付业务办理步骤与所需资料,助手随机1k,assistant_random,83,HOWTO_OPERATE__4,HOWTO_OPERATE__4,9,10.84,5.81,19.34
HOWTO_OPERATE,获取银行/支付业务办理步骤与所需资料,助手随机1k,assistant_random,83,HOWTO_OPERATE__3,HOWTO_OPERATE__3,6,7.23,3.35,14.89
CONTACT_BRANCH_LOOKUP,查询机构联系方式、网点信息及号码归属,助手随机1k,assistant_random,34,CONTACT_BRANCH_LOOKUP__3,CONTACT_BRANCH_LOOKUP__3,17,50.0,34.07,65.93
CONTACT_BRANCH_LOOKUP,查询机构联系方式、网点信息及号码归属,助手随机1k,assistant_random,34,CONTACT_BRANCH_LOOKUP__5,CONTACT_BRANCH_LOOKUP__5,6,17.65,8.35,33.51
CONTACT_BRANCH_LOOKUP,查询机构联系方式、网点信息及号码归属,助手随机1k,assistant_random,34,CONTACT_BRANCH_LOOKUP__2,CONTACT_BRANCH_LOOKUP__2,5,14.71,6.45,30.13
CONTACT_BRANCH_LOOKUP,查询机构联系方式、网点信息及号码归属,助手随机1k,assistant_random,34,CONTACT_BRANCH_LOOKUP__4,CONTACT_BRANCH_LOOKUP__4,4,11.76,4.67,26.62
CONTACT_BRANCH_LOOKUP,查询机构联系方式、网点信息及号码归属,助手随机1k,assistant_random,34,CONTACT_BRANCH_LOOKUP__1,CONTACT_BRANCH_LOOKUP__1,2,5.88,1.63,19.09
PAGE_NAV,打开目标页面或获取官方应用入口,助手随机1k,assistant_random,12,PAGE_NAV__1,PAGE_NAV__1,11,91.67,64.61,98.51
PAGE_NAV,打开目标页面或获取官方应用入口,助手随机1k,assistant_random,12,PAGE_NAV__2,PAGE_NAV__2,1,8.33,1.49,35.39
ENTITY_IDENTITY_CHECK,确认或反查标的代码与名称对应,助手随机1k,assistant_random,5,ENTITY_IDENTITY_CHECK__1,ENTITY_IDENTITY_CHECK__1,5,100.0,56.55,100.0
RESOLVE_BARE_ENTITY,解析裸非可报价名称,助手随机1k,assistant_random,17,RESOLVE_BARE_ENTITY__2,RESOLVE_BARE_ENTITY__2,9,52.94,30.96,73.84
RESOLVE_BARE_ENTITY,解析裸非可报价名称,助手随机1k,assistant_random,17,RESOLVE_BARE_ENTITY__5,RESOLVE_BARE_ENTITY__5,2,11.76,3.29,34.34
RESOLVE_BARE_ENTITY,解析裸非可报价名称,助手随机1k,assistant_random,17,RESOLVE_BARE_ENTITY__6,RESOLVE_BARE_ENTITY__6,2,11.76,3.29,34.34
RESOLVE_BARE_ENTITY,解析裸非可报价名称,助手随机1k,assistant_random,17,RESOLVE_BARE_ENTITY__3,RESOLVE_BARE_ENTITY__3,2,11.76,3.29,34.34
RESOLVE_BARE_ENTITY,解析裸非可报价名称,助手随机1k,assistant_random,17,RESOLVE_BARE_ENTITY__1,RESOLVE_BARE_ENTITY__1,2,11.76,3.29,34.34
TXN_ISSUE,排查账户与交易异常,助手随机1k,assistant_random,22,TXN_ISSUE__1,TXN_ISSUE__1,6,27.27,13.15,48.15
TXN_ISSUE,排查账户与交易异常,助手随机1k,assistant_random,22,TXN_ISSUE__5,TXN_ISSUE__5,5,22.73,10.12,43.44
TXN_ISSUE,排查账户与交易异常,助手随机1k,assistant_random,22,TXN_ISSUE__4,TXN_ISSUE__4,5,22.73,10.12,43.44
TXN_ISSUE,排查账户与交易异常,助手随机1k,assistant_random,22,TXN_ISSUE__3,TXN_ISSUE__3,4,18.18,7.31,38.52
TXN_ISSUE,排查账户与交易异常,助手随机1k,assistant_random,22,TXN_ISSUE__2,TXN_ISSUE__2,2,9.09,2.53,27.82
COMPARISON_DECISION,比较两个金融对象并给出取舍,助手随机1k,assistant_random,21,COMPARISON_DECISION__1,COMPARISON_DECISION__1,21,100.0,84.54,100.0
ENTITY_VERIFY,核验机构平台与金融信息来源的真伪资质,助手随机1k,assistant_random,9,ENTITY_VERIFY__2,ENTITY_VERIFY__2,8,88.89,56.5,98.01
ENTITY_VERIFY,核验机构平台与金融信息来源的真伪资质,助手随机1k,assistant_random,9,ENTITY_VERIFY__1,ENTITY_VERIFY__1,1,11.11,1.99,43.5
DEBT_DISTRESS,处理逾期催收与还款困境,助手随机1k,assistant_random,1,DEBT_DISTRESS__1,DEBT_DISTRESS__1,1,100.0,20.65,100.0
SEEK_CREDIT_WORKAROUND,寻找绕征信借款或评估征信修复,助手随机1k,assistant_random,2,SEEK_CREDIT_WORKAROUND__1,SEEK_CREDIT_WORKAROUND__1,2,100.0,34.24,100.0
STATUS_DECODE,解读粘贴的提示与界面状态,助手随机1k,assistant_random,1,STATUS_DECODE__1,STATUS_DECODE__1,1,100.0,20.65,100.0
QUOTE_LOOKUP,查询可报价品种实时行情与价格,助手语音头部1k,assistant_voice_top,700,QUOTE_LOOKUP__2,QUOTE_LOOKUP__2,454,64.86,61.25,68.3
QUOTE_LOOKUP,查询可报价品种实时行情与价格,助手语音头部1k,assistant_voice_top,700,QUOTE_LOOKUP__1,QUOTE_LOOKUP__1,136,19.43,16.67,22.52
QUOTE_LOOKUP,查询可报价品种实时行情与价格,助手语音头部1k,assistant_voice_top,700,QUOTE_LOOKUP__3,QUOTE_LOOKUP__3,110,15.71,13.21,18.6
RESOLVE_BARE_ENTITY,解析裸非可报价名称,助手语音头部1k,assistant_voice_top,93,RESOLVE_BARE_ENTITY__3,RESOLVE_BARE_ENTITY__3,33,35.48,26.51,45.61
RESOLVE_BARE_ENTITY,解析裸非可报价名称,助手语音头部1k,assistant_voice_top,93,RESOLVE_BARE_ENTITY__5,RESOLVE_BARE_ENTITY__5,17,18.28,11.74,27.34
RESOLVE_BARE_ENTITY,解析裸非可报价名称,助手语音头部1k,assistant_voice_top,93,RESOLVE_BARE_ENTITY__1,RESOLVE_BARE_ENTITY__1,12,12.9,7.54,21.21
RESOLVE_BARE_ENTITY,解析裸非可报价名称,助手语音头部1k,assistant_voice_top,93,RESOLVE_BARE_ENTITY__4,RESOLVE_BARE_ENTITY__4,11,11.83,6.73,19.95
RESOLVE_BARE_ENTITY,解析裸非可报价名称,助手语音头部1k,assistant_voice_top,93,RESOLVE_BARE_ENTITY__2,RESOLVE_BARE_ENTITY__2,10,10.75,5.95,18.67
RESOLVE_BARE_ENTITY,解析裸非可报价名称,助手语音头部1k,assistant_voice_top,93,RESOLVE_BARE_ENTITY__6,RESOLVE_BARE_ENTITY__6,10,10.75,5.95,18.67
PAGE_NAV,打开目标页面或获取官方应用入口,助手语音头部1k,assistant_voice_top,21,PAGE_NAV__2,PAGE_NAV__2,11,52.38,32.37,71.66
PAGE_NAV,打开目标页面或获取官方应用入口,助手语音头部1k,assistant_voice_top,21,PAGE_NAV__1,PAGE_NAV__1,10,47.62,28.34,67.63
FX_CONVERT,查询汇率并换算外币金额,助手语音头部1k,assistant_voice_top,74,FX_CONVERT__1,FX_CONVERT__1,60,81.08,70.71,88.38
FX_CONVERT,查询汇率并换算外币金额,助手语音头部1k,assistant_voice_top,74,FX_CONVERT__2,FX_CONVERT__2,14,18.92,11.62,29.29
OTHER_INTENT,其他非金融意图或无明确意图,助手语音头部1k,assistant_voice_top,16,OTHER_INTENT__2,OTHER_INTENT__2,7,43.75,23.1,66.82
OTHER_INTENT,其他非金融意图或无明确意图,助手语音头部1k,assistant_voice_top,16,OTHER_INTENT__4,OTHER_INTENT__4,4,25.0,10.18,49.5
OTHER_INTENT,其他非金融意图或无明确意图,助手语音头部1k,assistant_voice_top,16,OTHER_INTENT__3,OTHER_INTENT__3,2,12.5,3.5,36.02
OTHER_INTENT,其他非金融意图或无明确意图,助手语音头部1k,assistant_voice_top,16,OTHER_INTENT__5,OTHER_INTENT__5,2,12.5,3.5,36.02
OTHER_INTENT,其他非金融意图或无明确意图,助手语音头部1k,assistant_voice_top,16,OTHER_INTENT__1,OTHER_INTENT__1,1,6.25,1.11,28.33
CONTACT_BRANCH_LOOKUP,查询机构联系方式、网点信息及号码归属,助手语音头部1k,assistant_voice_top,46,CONTACT_BRANCH_LOOKUP__4,CONTACT_BRANCH_LOOKUP__4,32,69.57,55.19,80.92
CONTACT_BRANCH_LOOKUP,查询机构联系方式、网点信息及号码归属,助手语音头部1k,assistant_voice_top,46,CONTACT_BRANCH_LOOKUP__2,CONTACT_BRANCH_LOOKUP__2,7,15.22,7.57,28.22
CONTACT_BRANCH_LOOKUP,查询机构联系方式、网点信息及号码归属,助手语音头部1k,assistant_voice_top,46,CONTACT_BRANCH_LOOKUP__3,CONTACT_BRANCH_LOOKUP__3,6,13.04,6.12,25.67
CONTACT_BRANCH_LOOKUP,查询机构联系方式、网点信息及号码归属,助手语音头部1k,assistant_voice_top,46,CONTACT_BRANCH_LOOKUP__5,CONTACT_BRANCH_LOOKUP__5,1,2.17,0.38,11.34
VERDICT_QUESTION,对“是不是/是A还是B”给出裁决结论,助手语音头部1k,assistant_voice_top,6,VERDICT_QUESTION__1,VERDICT_QUESTION__1,4,66.67,30.0,90.32
VERDICT_QUESTION,对“是不是/是A还是B”给出裁决结论,助手语音头部1k,assistant_voice_top,6,VERDICT_QUESTION__2,VERDICT_QUESTION__2,2,33.33,9.68,70.0
CONCEPT_EXPLAIN,解释金融术语与交易/业务规则,助手语音头部1k,assistant_voice_top,8,CONCEPT_EXPLAIN__3,CONCEPT_EXPLAIN__3,5,62.5,30.57,86.32
CONCEPT_EXPLAIN,解释金融术语与交易/业务规则,助手语音头部1k,assistant_voice_top,8,CONCEPT_EXPLAIN__2,CONCEPT_EXPLAIN__2,3,37.5,13.68,69.43
INVEST_ADVICE,请求个股买卖持有决策与涨跌预测,助手语音头部1k,assistant_voice_top,7,INVEST_ADVICE__3,INVEST_ADVICE__3,3,42.86,15.82,74.95
INVEST_ADVICE,请求个股买卖持有决策与涨跌预测,助手语音头部1k,assistant_voice_top,7,INVEST_ADVICE__4,INVEST_ADVICE__4,2,28.57,8.22,64.11
INVEST_ADVICE,请求个股买卖持有决策与涨跌预测,助手语音头部1k,assistant_voice_top,7,INVEST_ADVICE__1,INVEST_ADVICE__1,1,14.29,2.57,51.31
INVEST_ADVICE,请求个股买卖持有决策与涨跌预测,助手语音头部1k,assistant_voice_top,7,INVEST_ADVICE__2,INVEST_ADVICE__2,1,14.29,2.57,51.31
COMPARISON_DECISION,比较两个金融对象并给出取舍,助手语音头部1k,assistant_voice_top,1,COMPARISON_DECISION__1,COMPARISON_DECISION__1,1,100.0,20.65,100.0
NEWS_EVENT,查询个股与公司层面的消息、公告与进度,助手语音头部1k,assistant_voice_top,9,NEWS_EVENT__1,NEWS_EVENT__1,8,88.89,56.5,98.01
NEWS_EVENT,查询个股与公司层面的消息、公告与进度,助手语音头部1k,assistant_voice_top,9,NEWS_EVENT__5,NEWS_EVENT__5,1,11.11,1.99,43.5
HOWTO_OPERATE,获取银行/支付业务办理步骤与所需资料,助手语音头部1k,assistant_voice_top,7,HOWTO_OPERATE__6,HOWTO_OPERATE__6,4,57.14,25.05,84.18
HOWTO_OPERATE,获取银行/支付业务办理步骤与所需资料,助手语音头部1k,assistant_voice_top,7,HOWTO_OPERATE__2,HOWTO_OPERATE__2,3,42.86,15.82,74.95
RATE_CALC,查询利率、费率、限额并试算利息/还款,助手语音头部1k,assistant_voice_top,10,RATE_CALC__2,RATE_CALC__2,8,80.0,49.02,94.33
RATE_CALC,查询利率、费率、限额并试算利息/还款,助手语音头部1k,assistant_voice_top,10,RATE_CALC__1,RATE_CALC__1,2,20.0,5.67,50.98
MARKET_MOVEMENT_EXPLAIN,解释已发生市场现象的原因,助手语音头部1k,assistant_voice_top,1,MARKET_MOVEMENT_EXPLAIN__1,MARKET_MOVEMENT_EXPLAIN__1,1,100.0,20.65,100.0
ENTITY_IDENTITY_CHECK,确认或反查标的代码与名称对应,助手语音头部1k,assistant_voice_top,1,ENTITY_IDENTITY_CHECK__1,ENTITY_IDENTITY_CHECK__1,1,100.0,20.65,100.0
QUOTE_LOOKUP,查询可报价品种实时行情与价格,助手语音1k,assistant_voice,152,QUOTE_LOOKUP__2,QUOTE_LOOKUP__2,97,63.82,55.92,71.03
QUOTE_LOOKUP,查询可报价品种实时行情与价格,助手语音1k,assistant_voice,152,QUOTE_LOOKUP__1,QUOTE_LOOKUP__1,42,27.63,21.14,35.23
QUOTE_LOOKUP,查询可报价品种实时行情与价格,助手语音1k,assistant_voice,152,QUOTE_LOOKUP__3,QUOTE_LOOKUP__3,13,8.55,5.07,14.08
NEWS_EVENT,查询个股与公司层面的消息、公告与进度,助手语音1k,assistant_voice,37,NEWS_EVENT__1,NEWS_EVENT__1,17,45.95,31.04,61.62
NEWS_EVENT,查询个股与公司层面的消息、公告与进度,助手语音1k,assistant_voice,37,NEWS_EVENT__5,NEWS_EVENT__5,12,32.43,19.63,48.54
NEWS_EVENT,查询个股与公司层面的消息、公告与进度,助手语音1k,assistant_voice,37,NEWS_EVENT__2,NEWS_EVENT__2,6,16.22,7.65,31.14
NEWS_EVENT,查询个股与公司层面的消息、公告与进度,助手语音1k,assistant_voice,37,NEWS_EVENT__4,NEWS_EVENT__4,1,2.7,0.48,13.82
NEWS_EVENT,查询个股与公司层面的消息、公告与进度,助手语音1k,assistant_voice,37,NEWS_EVENT__3,NEWS_EVENT__3,1,2.7,0.48,13.82
VERDICT_QUESTION,对“是不是/是A还是B”给出裁决结论,助手语音1k,assistant_voice,85,VERDICT_QUESTION__2,VERDICT_QUESTION__2,48,56.47,45.88,66.5
VERDICT_QUESTION,对“是不是/是A还是B”给出裁决结论,助手语音1k,assistant_voice,85,VERDICT_QUESTION__1,VERDICT_QUESTION__1,37,43.53,33.5,54.12
FX_CONVERT,查询汇率并换算外币金额,助手语音1k,assistant_voice,128,FX_CONVERT__2,FX_CONVERT__2,86,67.19,58.66,74.72
FX_CONVERT,查询汇率并换算外币金额,助手语音1k,assistant_voice,128,FX_CONVERT__1,FX_CONVERT__1,42,32.81,25.28,41.34
RESOLVE_BARE_ENTITY,解析裸非可报价名称,助手语音1k,assistant_voice,30,RESOLVE_BARE_ENTITY__3,RESOLVE_BARE_ENTITY__3,7,23.33,11.79,40.93
RESOLVE_BARE_ENTITY,解析裸非可报价名称,助手语音1k,assistant_voice,30,RESOLVE_BARE_ENTITY__2,RESOLVE_BARE_ENTITY__2,6,20.0,9.5,37.31
RESOLVE_BARE_ENTITY,解析裸非可报价名称,助手语音1k,assistant_voice,30,RESOLVE_BARE_ENTITY__1,RESOLVE_BARE_ENTITY__1,5,16.67,7.34,33.56
RESOLVE_BARE_ENTITY,解析裸非可报价名称,助手语音1k,assistant_voice,30,RESOLVE_BARE_ENTITY__5,RESOLVE_BARE_ENTITY__5,4,13.33,5.31,29.68
RESOLVE_BARE_ENTITY,解析裸非可报价名称,助手语音1k,assistant_voice,30,RESOLVE_BARE_ENTITY__6,RESOLVE_BARE_ENTITY__6,4,13.33,5.31,29.68
RESOLVE_BARE_ENTITY,解析裸非可报价名称,助手语音1k,assistant_voice,30,RESOLVE_BARE_ENTITY__4,RESOLVE_BARE_ENTITY__4,4,13.33,5.31,29.68
ENTITY_IDENTITY_CHECK,确认或反查标的代码与名称对应,助手语音1k,assistant_voice,8,ENTITY_IDENTITY_CHECK__1,ENTITY_IDENTITY_CHECK__1,8,100.0,67.56,100.0
HOWTO_OPERATE,获取银行/支付业务办理步骤与所需资料,助手语音1k,assistant_voice,104,HOWTO_OPERATE__6,HOWTO_OPERATE__6,35,33.65,25.3,43.17
HOWTO_OPERATE,获取银行/支付业务办理步骤与所需资料,助手语音1k,assistant_voice,104,HOWTO_OPERATE__2,HOWTO_OPERATE__2,23,22.12,15.21,31.0
HOWTO_OPERATE,获取银行/支付业务办理步骤与所需资料,助手语音1k,assistant_voice,104,HOWTO_OPERATE__5,HOWTO_OPERATE__5,17,16.35,10.46,24.63
HOWTO_OPERATE,获取银行/支付业务办理步骤与所需资料,助手语音1k,assistant_voice,104,HOWTO_OPERATE__4,HOWTO_OPERATE__4,11,10.58,6.01,17.95
HOWTO_OPERATE,获取银行/支付业务办理步骤与所需资料,助手语音1k,assistant_voice,104,HOWTO_OPERATE__1,HOWTO_OPERATE__1,11,10.58,6.01,17.95
HOWTO_OPERATE,获取银行/支付业务办理步骤与所需资料,助手语音1k,assistant_voice,104,HOWTO_OPERATE__3,HOWTO_OPERATE__3,7,6.73,3.3,13.25
CONCEPT_EXPLAIN,解释金融术语与交易/业务规则,助手语音1k,assistant_voice,94,CONCEPT_EXPLAIN__3,CONCEPT_EXPLAIN__3,43,45.74,36.04,55.78
CONCEPT_EXPLAIN,解释金融术语与交易/业务规则,助手语音1k,assistant_voice,94,CONCEPT_EXPLAIN__2,CONCEPT_EXPLAIN__2,43,45.74,36.04,55.78
CONCEPT_EXPLAIN,解释金融术语与交易/业务规则,助手语音1k,assistant_voice,94,CONCEPT_EXPLAIN__1,CONCEPT_EXPLAIN__1,8,8.51,4.38,15.9
OTHER_INTENT,其他非金融意图或无明确意图,助手语音1k,assistant_voice,76,OTHER_INTENT__3,OTHER_INTENT__3,27,35.53,25.7,46.74
OTHER_INTENT,其他非金融意图或无明确意图,助手语音1k,assistant_voice,76,OTHER_INTENT__4,OTHER_INTENT__4,17,22.37,14.46,32.93
OTHER_INTENT,其他非金融意图或无明确意图,助手语音1k,assistant_voice,76,OTHER_INTENT__2,OTHER_INTENT__2,11,14.47,8.28,24.09
OTHER_INTENT,其他非金融意图或无明确意图,助手语音1k,assistant_voice,76,OTHER_INTENT__5,OTHER_INTENT__5,11,14.47,8.28,24.09
OTHER_INTENT,其他非金融意图或无明确意图,助手语音1k,assistant_voice,76,OTHER_INTENT__1,OTHER_INTENT__1,10,13.16,7.31,22.55
CONTACT_BRANCH_LOOKUP,查询机构联系方式、网点信息及号码归属,助手语音1k,assistant_voice,75,CONTACT_BRANCH_LOOKUP__3,CONTACT_BRANCH_LOOKUP__3,34,45.33,34.57,56.55
CONTACT_BRANCH_LOOKUP,查询机构联系方式、网点信息及号码归属,助手语音1k,assistant_voice,75,CONTACT_BRANCH_LOOKUP__4,CONTACT_BRANCH_LOOKUP__4,20,26.67,17.98,37.63
CONTACT_BRANCH_LOOKUP,查询机构联系方式、网点信息及号码归属,助手语音1k,assistant_voice,75,CONTACT_BRANCH_LOOKUP__5,CONTACT_BRANCH_LOOKUP__5,12,16.0,9.4,25.92
CONTACT_BRANCH_LOOKUP,查询机构联系方式、网点信息及号码归属,助手语音1k,assistant_voice,75,CONTACT_BRANCH_LOOKUP__2,CONTACT_BRANCH_LOOKUP__2,5,6.67,2.88,14.68
CONTACT_BRANCH_LOOKUP,查询机构联系方式、网点信息及号码归属,助手语音1k,assistant_voice,75,CONTACT_BRANCH_LOOKUP__1,CONTACT_BRANCH_LOOKUP__1,4,5.33,2.09,12.93
RATE_CALC,查询利率、费率、限额并试算利息/还款,助手语音1k,assistant_voice,74,RATE_CALC__1,RATE_CALC__1,41,55.41,44.09,66.18
RATE_CALC,查询利率、费率、限额并试算利息/还款,助手语音1k,assistant_voice,74,RATE_CALC__2,RATE_CALC__2,33,44.59,33.82,55.91
INVEST_ADVICE,请求个股买卖持有决策与涨跌预测,助手语音1k,assistant_voice,52,INVEST_ADVICE__2,INVEST_ADVICE__2,29,55.77,42.34,68.41
INVEST_ADVICE,请求个股买卖持有决策与涨跌预测,助手语音1k,assistant_voice,52,INVEST_ADVICE__1,INVEST_ADVICE__1,12,23.08,13.72,36.13
INVEST_ADVICE,请求个股买卖持有决策与涨跌预测,助手语音1k,assistant_voice,52,INVEST_ADVICE__3,INVEST_ADVICE__3,8,15.38,8.01,27.52
INVEST_ADVICE,请求个股买卖持有决策与涨跌预测,助手语音1k,assistant_voice,52,INVEST_ADVICE__4,INVEST_ADVICE__4,3,5.77,1.98,15.64
TXN_ISSUE,排查账户与交易异常,助手语音1k,assistant_voice,41,TXN_ISSUE__3,TXN_ISSUE__3,16,39.02,25.66,54.27
TXN_ISSUE,排查账户与交易异常,助手语音1k,assistant_voice,41,TXN_ISSUE__1,TXN_ISSUE__1,11,26.83,15.69,41.93
TXN_ISSUE,排查账户与交易异常,助手语音1k,assistant_voice,41,TXN_ISSUE__5,TXN_ISSUE__5,9,21.95,12.0,36.71
TXN_ISSUE,排查账户与交易异常,助手语音1k,assistant_voice,41,TXN_ISSUE__4,TXN_ISSUE__4,5,12.2,5.32,25.54
COMPARISON_DECISION,比较两个金融对象并给出取舍,助手语音1k,assistant_voice,12,COMPARISON_DECISION__1,COMPARISON_DECISION__1,12,100.0,75.75,100.0
MARKET_MOVEMENT_EXPLAIN,解释已发生市场现象的原因,助手语音1k,assistant_voice,9,MARKET_MOVEMENT_EXPLAIN__1,MARKET_MOVEMENT_EXPLAIN__1,9,100.0,70.08,100.0
PAGE_NAV,打开目标页面或获取官方应用入口,助手语音1k,assistant_voice,16,PAGE_NAV__2,PAGE_NAV__2,11,68.75,44.4,85.84
PAGE_NAV,打开目标页面或获取官方应用入口,助手语音1k,assistant_voice,16,PAGE_NAV__1,PAGE_NAV__1,5,31.25,14.16,55.6
ENTITY_VERIFY,核验机构平台与金融信息来源的真伪资质,助手语音1k,assistant_voice,5,ENTITY_VERIFY__2,ENTITY_VERIFY__2,4,80.0,37.55,96.38
ENTITY_VERIFY,核验机构平台与金融信息来源的真伪资质,助手语音1k,assistant_voice,5,ENTITY_VERIFY__1,ENTITY_VERIFY__1,1,20.0,3.62,62.45
SEEK_CREDIT_WORKAROUND,寻找绕征信借款或评估征信修复,助手语音1k,assistant_voice,1,SEEK_CREDIT_WORKAROUND__1,SEEK_CREDIT_WORKAROUND__1,1,100.0,20.65,100.0
DEBT_DISTRESS,处理逾期催收与还款困境,助手语音1k,assistant_voice,1,DEBT_DISTRESS__1,DEBT_DISTRESS__1,1,100.0,20.65,100.0
