domain,query,n
金融,美国股市行情,10
金融,思维列控股票,8
金融,今天金价,5
金融,如何关闭花呗,5
金融,美元兑日元汇率,4
金融,下周一股市最新预测,4
金融,国盛证券,4
金融,黄色信号灯蚂蚁庄园,4
金融,第五套人民币,3
金融,长鑫最受益的10家公司是,3
金融,金价现在多少钱一克,3
金融,ai股票龙头一览表,3
金融,零钱通3大忌,3
金融,辽宁成大股票,3
金融,借款5000元马上放款微信,3
金融,东阳光股票,3
金融,华安证券里面的投顾签订的投顾怎么签怎么退签,3
金融,北京农商银行,3
金融,银行36个月存单法是什什么回事,2
金融,车损险有没有必要买,2
金融,2019年版,2
金融,美元人民币,2
金融,一人民币等于多少越南盾,2
金融,放心借怎么关闭,2
金融,银行最害怕三个投诉,2
金融,欧美股票,2
金融,中国五十年代国债是谁买得到起起价多少,2
金融,银联POS机第1笔钱刷的是民生银行的是到账了第2笔钱刷的是嗯第2笔钱刷的是另外,2
金融,宝付支付下载安装,2
金融,特种车的交强险和一般货车交强险是不是不一样,2
金融,中国邮政银行手机APP我失了怎样自己解挂解,2
金融,512400基金含哪些股票,2
金融,两年多少钱利息,2
金融,上市公司西部矿业主要是做什么业务为什么业绩相对好,2
金融,ML CC是纯概念无业界科技股吗,2
金融,B8指数的图看一下,2
金融,阿里的股票,2
金融,英镑人民币汇率,2
金融,低血糖表现蚂蚁庄园,2
金融,约旦第纳尔等于多少欧元,2
金融,黄金价格落吗,2
金融,支付宝账号就是手机账号吗,2
金融,五元的香港硬币值钱吗,2
金融,伊顿属于什么板块,2
金融,一美元顶人民币多少钱,2
金融,2026年8月1号起实施的个人贷款新规,2
金融,格力电器适合攒股收息吗它的历史最高价是多少,2
金融,为什么黄色交通信号灯蚂蚁庄园,2
金融,海力士股票代码,2
金融,2026年成都梨花街今日金价,2
金融,阳光保险,2
金融,100000港币是多少人民币,2
金融,什么叫数字人民币,2
金融,1欧元=多少人民币,2
金融,美元对日元汇率多少,2
金融,东鹏特饮2020的peg,2
金融,牛散朱少醒陈小芳个持有的股票,2
金融,国泰君安,2
金融,爱美客有什么利空,2
金融,支付成功的钱还能退回来吗,2
金融,a1应用端股票,2
金融,为什么我的银行卡上取钱信息就旁人发到旁人身上,2
金融,中国银行6个月内无呃资金往来需到柜台呃解封需要拿什么手续,2
金融,卡APP显示正常但是就是转账显示银行卡状态不正确是什么原因,2
金融,英伟达市值多少,2
金融,一欧元相当于多少人民币,2
金融,融通金今日报价,2
金融,日元兑换人民币汇率,2
金融,永辉超市股吧,2
金融,五年的存款利息定期有没有什么手续,2
金融,医药股医药和创新药这个赛道的估值是最近几年是哪一年最高现在是最高点的百分,2
金融,今年春节开门红银行一万元定期存款利率是多少呢,2
金融,未来10天日元走势预测最新,2
金融,美团月付一旦开通了就取消吗,2
金融,一亿越南盾等于多少人民币,2
金融,周线怎么看周线,2
金融,摩托车买什么保险,2
医疗,功效,18
医疗,用电动牙刷刷脚底十分钟痒痒,6
医疗,黑枸杞的功效,6
医疗,秋葵三种人不宜吃,5
医疗,肠胃炎的症状,5
医疗,热血毒皮肤照片,4
医疗,肾虚吃什么药,4
医疗,嘴巴痛,3
医疗,香砂养胃丸的作用,3
医疗,茯苓对性功能有效吗,3
医疗,糖蒜的功效与作用,3
医疗,糖尿病并发症分几个阶段,3
医疗,眼睛跳是怎么回事,3
医疗,肌酐低,3
医疗,中华跌打丸,3
医疗,肾结石能吃豆腐吗,3
医疗,怀化市第一人民医院中医科主任金卫平每星期坐诊时间安排是,2
医疗,糖尿病早餐怎么吃,2
医疗,感冒淌鼻涕嗓子疼咳嗽干咳嗽吃什么药好,2
医疗,甘油三酯2.7需要吃药吗,2
医疗,羊胸膜肺炎用什么药,2
医疗,锻锻炼回来是不是马上要冲个澡,2
医疗,奶粉的功效,2
医疗,阿莫西林的作用与功效,2
医疗,cm大还是mm大结节,2
医疗,淋漓刺鼻,2
医疗,防风的作用,2
医疗,干马齿菜炒着吃的功效,2
医疗,桃仁的功效和作用,2
医疗,脂肪粒最怕的克星,2
医疗,老丝瓜管治什么病的,2
医疗,黑鸡皮,2
医疗,小腿胫骨位置图,2
医疗,孔府吃荔枝会死亡吗,2
医疗,糖尿病可以喝绿豆汤吗,2
医疗,握拳时胳膊肘筋疼怎么办,2
医疗,腰椎压缩性骨折110天可以做多久,2
医疗,B2的作用和副作用,2
医疗,盆腔炎会引起嘴干不想吃饭恶心吗吃饱不吃饱,2
医疗,吃垃圾是他的严重问题吗,2
医疗,缓解植物神经紊乱用维生素b1好还是复合维生素好,2
医疗,赤小豆补血好还是红豆补血好,2
医疗,阴囊上长疙瘩图片,2
医疗,逍遥丸价格,2
医疗,天麻的药用价值,2
医疗,房颤是怎么回事,2
医疗,身上发痒一天大便45次和甲减患者有联系吗,2
医疗,白茶的功效适合夏天喝吗,2
医疗,普拉提是什么,2
医疗,芋头伤肝还是护肝,2
医疗,走马胎,2
医疗,人体最累的器官是什么,2
医疗,吃豆腐能喝红酒吗,2
医疗,碱性食物有什么,2
医疗,三金西瓜霜口腔清爽喷雾剂是主要功能是什么,2
医疗,麦冬玉竹沙参熬水喝一次用量多少,2
医疗,得抑郁症,2
医疗,鸭胸肉的营养价值跟鸡胸肉的营养价值哪个好,2
医疗,蛋壳吃点什么药副作用小,2
医疗,甲状腺结节可以吃什,2
医疗,一天吃几个鸡蛋合适,2
医疗,构树上面结的那个果子是什么功效,2
医疗,索他洛尔,2
医疗,苹果配什么煮水减肥祛湿,2
医疗,硝酸甘油使用说明书,2
医疗,脑血栓属不属于五大疾病,2
医疗,高密度脂蛋白胆固醇低了怎么办,2
医疗,甘油三酯高吃什么降脂最快,2
医疗,静脉血栓的最快消除方法,2
医疗,上嘴唇上翘是什么原因,2
医疗,看肿瘤除了肿瘤医院还有哪家医院比较好,2
医疗,黄精是管什么的,2
