key,类目,定义,全语料条数,全语料占比%,2025搜索_条数,2025搜索_占比%,2025搜索_95CI低%,2025搜索_95CI高%,2025搜索_流量占比%,2025搜索随机1w_条数,2025搜索随机1w_占比%,2025搜索随机1w_95CI低%,2025搜索随机1w_95CI高%,2025搜索随机1w_流量占比%,2026搜索_条数,2026搜索_占比%,2026搜索_95CI低%,2026搜索_95CI高%,2026搜索_流量占比%,2026搜索随机1w_条数,2026搜索随机1w_占比%,2026搜索随机1w_95CI低%,2026搜索随机1w_95CI高%,2026搜索随机1w_流量占比%,助手头部1k_条数,助手头部1k_占比%,助手头部1k_95CI低%,助手头部1k_95CI高%,助手头部1k_流量占比%,助手随机1k_条数,助手随机1k_占比%,助手随机1k_95CI低%,助手随机1k_95CI高%,助手随机1k_流量占比%,助手语音头部1k_条数,助手语音头部1k_占比%,助手语音头部1k_95CI低%,助手语音头部1k_95CI高%,助手语音头部1k_流量占比%,助手语音1k_条数,助手语音1k_占比%,助手语音1k_95CI低%,助手语音1k_95CI高%,助手语音1k_流量占比%,2025搜索_均衡归属%,2025搜索_指数,2025搜索_均衡指数,2025搜索随机1w_均衡归属%,2025搜索随机1w_指数,2025搜索随机1w_均衡指数,2026搜索_均衡归属%,2026搜索_指数,2026搜索_均衡指数,2026搜索随机1w_均衡归属%,2026搜索随机1w_指数,2026搜索随机1w_均衡指数,助手头部1k_均衡归属%,助手头部1k_指数,助手头部1k_均衡指数,助手随机1k_均衡归属%,助手随机1k_指数,助手随机1k_均衡指数,助手语音头部1k_均衡归属%,助手语音头部1k_指数,助手语音头部1k_均衡指数,助手语音1k_均衡归属%,助手语音1k_指数,助手语音1k_均衡指数,出现快照数,缺席快照,独占快照,最高快照,最低快照,极差pp,最高比最低倍数,2025搜索_排名,2025搜索随机1w_排名,2026搜索_排名,2026搜索随机1w_排名,助手头部1k_排名,助手随机1k_排名,助手语音头部1k_排名,助手语音1k_排名,主导叶,主导叶占比%,代表串(流量最高，仅供辨识)
SUBSTANCE_EFFICACY_LOOKUP__2,SUBSTANCE_EFFICACY_LOOKUP__2,,9537,21.666,3063,30.636,29.74,31.547,35.091,1030,10.3,9.719,10.911,17.721,3735,37.357,36.414,38.31,44.805,1024,10.24,9.661,10.85,12.78,201,20.981,18.521,23.673,16.051,96,9.619,7.942,11.606,11.443,195,18.276,16.072,20.707,15.038,193,19.3,16.973,21.862,19.3,19.55,1.414,1.564,6.57,0.4754,0.5258,23.84,1.7243,1.9071,6.53,0.4726,0.5228,13.39,0.9684,1.0711,6.14,0.444,0.4911,11.66,0.8435,0.933,12.32,0.8908,0.9853,8,,,2026搜索,助手随机1k,27.738,3.88,1,1,1,1,1,1,3,1,物质功效与作用查询,34.3,人血白蛋白的作用功效 / 普拉洛芬滴眼液作用 / 狂犬疫苗对人体的危害有多大
SUBSTANCE_EFFICACY_LOOKUP__1,SUBSTANCE_EFFICACY_LOOKUP__1,,3065,6.963,1066,10.662,10.072,11.282,9.2,419,4.19,3.815,4.601,6.754,641,6.411,5.948,6.908,4.858,435,4.35,3.967,4.768,3.601,91,9.499,7.801,11.521,10.538,44,4.409,3.3,5.867,4.697,315,29.522,26.862,32.329,26.254,54,5.4,4.162,6.979,5.4,14.32,1.5313,1.1458,5.63,0.6018,0.4503,8.61,0.9208,0.689,5.84,0.6247,0.4675,12.76,1.3642,1.0208,5.92,0.6332,0.4738,39.66,4.2399,3.1726,7.25,0.7755,0.5803,8,,,助手语音头部1k,2025搜索随机1w,25.332,7.05,2,9,2,9,2,10,1,3,查询药品及药物成分信息,45.3,大片黄色的黄芪图片大全 / 恩替卡韦 / 芡实图片
TREATMENT_SEEKING__2,TREATMENT_SEEKING__2,,2417,5.491,577,5.771,5.331,6.245,5.47,563,5.63,5.195,6.099,4.751,560,5.601,5.167,6.069,4.905,535,5.35,4.926,5.808,7.113,62,6.472,5.081,8.21,5.506,63,6.313,4.965,7.995,10.76,13,1.218,0.713,2.073,1.064,44,4.4,3.294,5.855,4.4,14.16,1.0511,1.1328,13.81,1.0253,1.1051,13.74,1.0201,1.0995,13.13,0.9744,1.0502,15.88,1.1787,1.2704,15.49,1.1497,1.2391,2.99,0.2219,0.2392,10.8,0.8013,0.8637,8,,,助手头部1k,助手语音头部1k,5.253,5.31,5,5,4,6,5,3,9,7,查询疾病治疗方法,38.2,需要吃消炎药吗 / 气虚出汗严重怎么调理 / 更年期综合征焦虑抑郁失眠怎么治疗好
DISEASE_CONCEPT_INFO__4,DISEASE_CONCEPT_INFO__4,,2399,5.45,494,4.941,4.533,5.383,4.153,661,6.61,6.14,7.114,4.608,482,4.821,4.418,5.258,4.014,626,6.26,5.802,6.752,5.082,20,2.088,1.355,3.203,2.242,53,5.311,4.083,6.881,4.697,12,1.125,0.645,1.955,1.622,51,5.1,3.9,6.644,5.1,13.63,0.9066,1.0903,18.23,1.2129,1.4586,13.3,0.8846,1.0638,17.27,1.1486,1.3813,5.76,0.3831,0.4607,14.65,0.9744,1.1718,3.1,0.2064,0.2482,14.07,0.9358,1.1254,8,,,2025搜索随机1w,助手语音头部1k,5.485,5.88,6,2,5,4,13,7,12,5,医学健康知识查询,26.9,肝脏的2种转氨酶分别是什么 / 高尿酸血症是什么意思 / 肿瘤介入治疗是一种什么治疗
PERMISSION_CHECK__2,PERMISSION_CHECK__2,,1681,3.819,85,0.85,0.688,1.05,0.66,584,5.84,5.397,6.317,2.987,103,1.03,0.85,1.248,0.71,711,7.11,6.623,7.63,5.304,8,0.835,0.424,1.639,0.888,59,5.912,4.611,7.551,5.209,26,2.437,1.668,3.546,1.44,105,10.5,8.749,12.554,10.5,2.46,0.2226,0.1971,16.92,1.5293,1.3537,2.98,0.2698,0.2388,20.6,1.8618,1.648,2.42,0.2187,0.1936,17.13,1.5481,1.3703,7.06,0.6381,0.5648,30.42,2.7496,2.4338,8,,,助手语音1k,助手头部1k,9.665,12.57,22,4,20,2,23,4,5,2,查询特定情况下饮食用药可否,71.7,糖尿病人能吃荔枝吗 / 尿酸高能吃豆腐和豆制品吗 / 血糖高忌什么食物
DISEASE_CONCEPT_INFO__5,DISEASE_CONCEPT_INFO__5,,1634,3.712,585,5.851,5.408,6.328,5.48,201,2.01,1.753,2.304,5.316,370,3.701,3.348,4.089,2.695,156,1.56,1.335,1.822,1.987,67,6.994,5.545,8.786,6.896,7,0.701,0.34,1.441,1.025,225,21.087,18.745,23.636,21.546,23,2.3,1.537,3.428,2.3,13.24,1.5763,1.0589,4.55,0.5415,0.3638,8.37,0.997,0.6698,3.53,0.4203,0.2823,15.82,1.8841,1.2657,1.59,0.189,0.1269,47.7,5.6808,3.8163,5.2,0.6196,0.4162,8,,,助手语音头部1k,助手随机1k,20.386,30.06,4,17,7,17,4,31,2,14,医学词条查询,81.2,阳萎 / 咽炎 / 胆结石禁吃一览表
TREATMENT_SEEKING__1,TREATMENT_SEEKING__1,,1538,3.494,386,3.861,3.501,4.256,3.468,306,3.06,2.74,3.416,2.872,389,3.891,3.529,4.288,3.527,338,3.38,3.043,3.752,11.371,42,4.384,3.26,5.873,5.525,28,2.806,1.948,4.025,2.647,13,1.218,0.713,2.073,0.76,36,3.6,2.612,4.944,3.6,14.74,1.105,1.1789,11.68,0.8758,0.9344,14.85,1.1136,1.188,12.9,0.9674,1.0321,16.73,1.2548,1.3387,10.71,0.803,0.8567,4.65,0.3487,0.372,13.74,1.0304,1.0993,8,,,助手头部1k,助手语音头部1k,3.166,3.6,7,12,6,10,7,12,9,11,病症用药查询,61.1,甘油三酯高吃什么才能降脂 / 前列腺炎吃什么药 / 喉咙疼吃什么药效果最好
PERMISSION_CHECK__1,PERMISSION_CHECK__1,,1534,3.485,47,0.47,0.354,0.625,0.361,657,6.57,6.101,7.072,2.103,45,0.45,0.337,0.602,0.282,670,6.7,6.226,7.207,4.586,5,0.522,0.223,1.216,0.528,55,5.511,4.258,7.105,4.697,4,0.375,0.146,0.96,0.443,51,5.1,3.9,6.644,5.1,1.83,0.1349,0.1463,25.57,1.8853,2.0453,1.75,0.1292,0.1401,26.07,1.9226,2.0858,2.03,0.1498,0.1625,21.45,1.5814,1.7156,1.46,0.1076,0.1167,19.85,1.4635,1.5877,8,,,2026搜索随机1w,助手语音头部1k,6.325,17.87,27,3,30,3,28,6,20,5,药品用法药效与联用查询,36.7,白癜风可以吃卫莱恩铜片吗 / 肺结节如各种结节能喝柠檬水吗 / 锻锻炼回来是不是马上要冲个澡
DISEASE_CONCEPT_INFO__2,DISEASE_CONCEPT_INFO__2,,1495,3.396,592,5.921,5.475,6.401,7.545,122,1.22,1.023,1.455,4.143,604,6.041,5.591,6.525,7.313,100,1.0,0.823,1.215,2.137,47,4.906,3.709,6.463,3.488,9,0.902,0.475,1.705,0.769,6,0.562,0.258,1.221,0.356,15,1.5,0.911,2.46,1.5,26.85,1.7434,2.148,5.53,0.3592,0.4426,27.39,1.7788,2.1916,4.53,0.2944,0.3628,22.25,1.4445,1.7798,4.09,0.2655,0.3271,2.55,0.1656,0.204,6.8,0.4417,0.5442,8,,,2026搜索,助手语音头部1k,5.479,10.74,3,21,3,23,6,25,18,17,疾病症状查询,34.6,白内障症状主要表现 / 脾胃不好有哪些症状和表现 / 糖尿病并发症都有哪些症状
SYMPTOM_ATTRIBUTION_DIFFERENTIATION__3,SYMPTOM_ATTRIBUTION_DIFFERENTIATION__3,,1439,3.269,127,1.27,1.069,1.509,1.092,507,5.07,4.657,5.518,2.072,113,1.13,0.941,1.357,0.956,538,5.38,4.955,5.84,4.047,24,2.505,1.689,3.701,2.13,53,5.311,4.083,6.881,5.038,24,2.249,1.516,3.325,3.339,53,5.3,4.075,6.867,5.3,4.5,0.3886,0.3602,17.97,1.5509,1.4375,4.01,0.3457,0.3205,19.07,1.6457,1.5254,8.88,0.7663,0.7103,18.82,1.6245,1.5057,7.97,0.6881,0.6377,18.78,1.6213,1.5027,8,,,2026搜索随机1w,2026搜索,4.25,4.76,15,6,18,5,11,7,7,4,症状原因查询,36.8,孩子总是生病免疫力差怎么办 / 蹲着突然站起来头晕目眩怎么回事 / 怎么知道有没有口臭
RESULT_INTERPRETATION__2,RESULT_INTERPRETATION__2,,1266,2.876,77,0.77,0.617,0.961,0.642,474,4.74,4.341,5.174,1.176,88,0.88,0.715,1.083,0.612,528,5.28,4.859,5.736,3.707,2,0.209,0.057,0.758,0.147,56,5.611,4.346,7.217,4.868,4,0.375,0.146,0.96,0.317,37,3.7,2.696,5.058,3.7,3.57,0.2678,0.2857,21.98,1.6481,1.7584,4.08,0.306,0.3265,24.48,1.8359,1.9587,0.97,0.0726,0.0774,26.02,1.951,2.0816,1.74,0.1303,0.1391,17.16,1.2865,1.3726,8,,,助手随机1k,助手头部1k,5.402,26.88,23,7,22,7,35,5,20,9,查询健康指标正常范围,24.4,961心跳微搏 / 吃了降压药血压还高怎么办 / 带曼月乐环一个月复查复查前需要注意什么事项
CARE_NAVIGATION_COST__1,CARE_NAVIGATION_COST__1,,1117,2.538,28,0.28,0.194,0.404,0.148,448,4.48,4.092,4.903,1.614,35,0.35,0.252,0.486,0.22,504,5.04,4.628,5.486,3.863,30,3.132,2.202,4.435,5.825,45,4.509,3.387,5.98,3.843,1,0.094,0.017,0.529,0.059,26,2.6,1.78,3.782,2.6,1.37,0.1104,0.1094,21.87,1.7655,1.7496,1.71,0.138,0.1367,24.6,1.9862,1.9683,15.29,1.2341,1.223,22.01,1.7769,1.761,0.46,0.0369,0.0366,12.69,1.0246,1.0154,8,,,2026搜索随机1w,助手语音头部1k,4.946,53.78,35,8,34,8,10,9,28,13,医院及科室信息查询,85.2,试管婴儿那个医院成功率高 / 体验区体检20分钟 / 西门子助听器门店地址查询
SYMPTOM_ATTRIBUTION_DIFFERENTIATION__4,SYMPTOM_ATTRIBUTION_DIFFERENTIATION__4,,1027,2.333,161,1.61,1.382,1.876,1.389,337,3.37,3.034,3.742,1.405,122,1.22,1.023,1.455,1.055,323,3.23,2.901,3.595,2.366,13,1.357,0.795,2.308,1.538,24,2.405,1.621,3.553,2.562,10,0.937,0.51,1.717,1.108,37,3.7,2.696,5.058,3.7,9.03,0.6902,0.7225,18.9,1.4444,1.5121,6.84,0.523,0.5475,18.12,1.3844,1.4493,7.61,0.5816,0.6089,13.49,1.0307,1.079,5.26,0.4017,0.4205,20.75,1.5859,1.6602,8,,,助手语音1k,助手语音头部1k,2.763,3.95,12,10,16,11,17,14,15,9,查询皮肤疙瘩红疹症状与处理,45.1,男性生殖有小疙瘩是怎么回事 / 这是什么皮肤病 / 腋下淋巴结肿大的图片
SYMPTOM_ATTRIBUTION_DIFFERENTIATION__1,SYMPTOM_ATTRIBUTION_DIFFERENTIATION__1,,982,2.231,123,1.23,1.032,1.466,1.107,330,3.3,2.967,3.668,1.548,118,1.18,0.987,1.411,1.016,320,3.2,2.873,3.563,3.479,10,1.044,0.568,1.911,0.602,36,3.607,2.617,4.953,3.33,13,1.218,0.713,2.073,0.799,32,3.2,2.276,4.482,3.2,6.84,0.5515,0.5474,18.35,1.4793,1.4683,6.56,0.5291,0.5251,17.8,1.4344,1.4238,5.81,0.4679,0.4644,20.06,1.617,1.605,6.78,0.5461,0.5421,17.8,1.4344,1.4238,8,,,助手随机1k,助手头部1k,2.563,3.46,18,11,17,12,22,11,9,12,查询身体不适症状及可能病因,43.1,大脚趾头麻木怎么回事 / 胯骨和大腿的连接处疼怎么回事 / 睡觉手麻醒了一活动就恢复了
CARE_NAVIGATION_COST__2,CARE_NAVIGATION_COST__2,,924,2.099,155,1.55,1.326,1.812,1.028,258,2.58,2.287,2.909,1.869,140,1.4,1.188,1.65,0.9,313,3.13,2.806,3.49,2.777,39,4.071,2.992,5.517,4.44,5,0.501,0.214,1.167,0.512,7,0.656,0.318,1.348,0.712,7,0.7,0.339,1.438,0.7,10.63,0.7386,0.8501,17.69,1.2291,1.4148,9.6,0.6671,0.7679,21.46,1.4911,1.7164,27.91,1.9394,2.2324,3.43,0.2387,0.2747,4.5,0.3125,0.3598,4.8,0.3335,0.3839,8,,,助手头部1k,助手随机1k,3.57,8.13,13,14,14,13,9,33,17,24,医院及科室信息查询,92.0,中医养生科普 / 徐州医科大学附属医院 / 医生
SYMPTOM_ATTRIBUTION_DIFFERENTIATION__6,SYMPTOM_ATTRIBUTION_DIFFERENTIATION__6,,920,2.09,324,3.241,2.911,3.606,3.32,159,1.59,1.363,1.854,3.323,305,3.051,2.731,3.406,3.087,103,1.03,0.85,1.248,1.113,12,1.253,0.718,2.177,0.853,4,0.401,0.156,1.026,0.427,1,0.094,0.017,0.529,0.055,12,1.2,0.688,2.086,1.2,27.33,1.5505,2.1862,13.41,0.7608,1.0727,25.73,1.4596,2.058,8.69,0.4928,0.6949,10.56,0.5993,0.845,3.38,0.1918,0.2704,0.79,0.0448,0.0632,10.12,0.5742,0.8096,8,,,2025搜索,助手语音头部1k,3.147,34.58,8,20,8,21,19,39,28,18,症状原因查询,69.0,失眠睡不着是什么原因造成的 / 尿多是什么原因男性 / 总感觉浑身乏力很累是什么原因
NON_HEALTH_OTHER__1,NON_HEALTH_OTHER__1,,891,2.024,67,0.67,0.528,0.85,0.545,302,3.02,2.702,3.374,1.057,60,0.6,0.467,0.772,0.462,290,2.9,2.589,3.247,2.143,42,4.384,3.26,5.873,3.559,75,7.515,6.037,9.319,6.832,12,1.125,0.645,1.955,1.056,43,4.3,3.208,5.742,4.3,2.73,0.3311,0.2187,12.32,1.492,0.9856,2.45,0.2965,0.1958,11.83,1.4327,0.9464,17.88,2.1659,1.4307,30.66,3.7127,2.4525,4.59,0.5556,0.367,17.54,2.1244,1.4033,8,,,助手随机1k,2026搜索,6.915,12.52,25,13,26,14,7,2,12,8,查询疾病严重性、传染性与治疗风险,12.2,这是什么药 / 拍胸片是否脱上衣 / 扭到脖子怎么办
SYMPTOM_ATTRIBUTION_DIFFERENTIATION__2,SYMPTOM_ATTRIBUTION_DIFFERENTIATION__2,,774,1.758,146,1.46,1.243,1.715,1.291,226,2.26,1.987,2.57,1.699,149,1.49,1.271,1.747,1.168,212,2.12,1.856,2.421,1.887,8,0.835,0.424,1.639,0.859,8,0.802,0.407,1.574,0.683,15,1.406,0.854,2.307,2.825,10,1.0,0.544,1.831,1.0,12.84,0.8305,1.0272,19.87,1.2853,1.5897,13.1,0.8476,1.0483,18.64,1.2057,1.4912,7.34,0.4749,0.5874,7.05,0.4559,0.5639,12.36,0.7995,0.9889,8.79,0.5687,0.7034,8,,,2025搜索随机1w,助手随机1k,1.458,2.82,14,15,13,16,23,27,8,19,症状原因查询,35.4,"月经干净了几天又出血是怎么回事 / 子宫异常出血是什么原因导致 / 我下面好瘙痒,痒的受不了怎么办"
SYMPTOM_ATTRIBUTION_DIFFERENTIATION__5,SYMPTOM_ATTRIBUTION_DIFFERENTIATION__5,,738,1.677,127,1.27,1.069,1.509,1.185,207,2.07,1.809,2.368,1.662,106,1.06,0.877,1.281,1.003,235,2.35,2.071,2.666,1.854,13,1.357,0.795,2.308,1.01,28,2.806,1.948,4.025,2.562,3,0.281,0.096,0.823,0.218,19,1.9,1.22,2.948,1.9,9.7,0.7577,0.7761,15.81,1.2347,1.2647,8.1,0.6324,0.6477,17.95,1.4017,1.4357,10.36,0.8094,0.8291,21.43,1.6734,1.7141,2.15,0.1677,0.1718,14.51,1.1333,1.1608,8,,,助手随机1k,助手语音头部1k,2.524,9.98,15,16,19,15,17,12,24,15,症状原因查询,32.0,肚脐上面疼是怎么回事 / 食道有灼烧感是怎么回事 / 吃点东西肚子就胀是怎么回事
DISEASE_CONCEPT_INFO__1,DISEASE_CONCEPT_INFO__1,,675,1.533,266,2.661,2.363,2.995,2.712,77,0.77,0.617,0.961,3.768,244,2.44,2.156,2.762,2.493,61,0.61,0.475,0.783,0.512,14,1.461,0.872,2.438,1.272,8,0.802,0.407,1.574,0.939,2,0.187,0.051,0.681,0.119,3,0.3,0.102,0.878,0.3,28.82,1.735,2.3056,8.34,0.5021,0.6673,26.44,1.5915,2.1149,6.61,0.3978,0.5286,15.83,0.953,1.2664,8.68,0.5228,0.6947,2.03,0.1222,0.1624,3.25,0.1956,0.26,8,,,2025搜索,助手语音头部1k,2.473,14.19,9,32,9,34,16,27,26,37,症状原因查询,66.8,胃酸是什么原因 / 血小板压低怎么回事 / 尿酸高的原因
NON_HEALTH_OTHER__2,NON_HEALTH_OTHER__2,,659,1.497,109,1.09,0.905,1.313,0.78,115,1.15,0.959,1.379,0.717,89,0.89,0.724,1.094,0.937,136,1.36,1.151,1.606,0.98,72,7.516,6.011,9.36,8.501,24,2.405,1.621,3.553,2.306,96,8.997,7.424,10.864,9.764,18,1.8,1.142,2.827,1.8,4.32,0.7282,0.346,4.56,0.7682,0.365,3.53,0.5946,0.2825,5.4,0.9084,0.4316,29.81,5.0202,2.3852,9.54,1.6063,0.7632,35.69,6.0098,2.8553,7.14,1.2023,0.5712,8,,,助手语音头部1k,2026搜索,8.107,10.11,20,23,21,19,3,14,4,16,医学词条查询,37.2,肠胃健康指南 / 自然之声助听器 / 无创呼吸机
DISEASE_CONCEPT_INFO__3,DISEASE_CONCEPT_INFO__3,,554,1.259,124,1.24,1.041,1.477,1.196,115,1.15,0.959,1.379,0.833,162,1.62,1.391,1.887,1.447,101,1.01,0.832,1.226,1.486,8,0.835,0.424,1.639,0.911,10,1.002,0.545,1.835,0.854,25,2.343,1.592,3.436,2.401,9,0.9,0.474,1.702,0.9,12.28,0.9855,0.9823,11.39,0.9138,0.9108,16.04,1.2875,1.2833,10.0,0.8025,0.7999,8.27,0.6635,0.6614,9.92,0.7962,0.7936,23.2,1.8617,1.8557,8.91,0.7151,0.7128,8,,,助手语音头部1k,助手头部1k,1.508,2.81,17,23,10,22,23,21,6,20,查询穴位与身体部位位置图,52.9,宫后是哪个部位 / 鼻子 / 臀部
RESULT_INTERPRETATION__1,RESULT_INTERPRETATION__1,,522,1.186,186,1.86,1.613,2.144,2.2,97,0.97,0.796,1.182,11.985,159,1.59,1.363,1.855,1.88,69,0.69,0.546,0.872,0.479,3,0.313,0.107,0.917,0.214,5,0.501,0.214,1.167,0.427,0,0.0,0.0,0.359,0.0,3,0.3,0.102,0.878,0.3,29.89,1.5688,2.3909,15.58,0.818,1.2466,25.55,1.3411,2.0438,11.08,0.5819,0.8868,5.03,0.2641,0.4025,8.05,0.4225,0.6439,0.0,0.0,0.0,4.82,0.253,0.3856,7,助手语音头部1k,,2025搜索,助手语音头部1k,1.86,inf,10,25,11,31,31,33,36,37,查询化验指标异常原因与临床意义,87.5,肌酐高了会出现什么问题 / 转氨酶偏高说明身体哪有问题了 / 肌酸激酶高的原因及危害
REPRODUCTIVE_HEALTH__2,REPRODUCTIVE_HEALTH__2,,497,1.129,105,1.05,0.868,1.27,0.875,168,1.68,1.446,1.951,0.965,67,0.67,0.528,0.85,0.469,135,1.35,1.142,1.596,0.93,8,0.835,0.424,1.639,0.824,10,1.002,0.545,1.835,0.854,2,0.187,0.051,0.681,0.487,2,0.2,0.055,0.726,0.2,15.06,0.9302,1.2046,24.09,1.488,1.9269,9.61,0.5935,0.7686,19.36,1.1957,1.5484,11.97,0.7396,0.9578,14.37,0.8875,1.1493,2.69,0.166,0.215,2.87,0.1771,0.2294,8,,,2025搜索随机1w,助手语音头部1k,1.493,8.96,21,19,25,20,23,21,26,42,早孕检测与月经变化查询,78.1,想怀孕怎么才能怀上 / 五十岁还能怀孕吗 / 两个人都穿着裤子还会怀孕吗
REPRODUCTIVE_HEALTH__1,REPRODUCTIVE_HEALTH__1,,486,1.104,55,0.55,0.423,0.715,0.477,201,2.01,1.753,2.304,0.789,47,0.47,0.354,0.625,0.343,147,1.47,1.252,1.725,1.113,17,1.775,1.111,2.823,2.083,8,0.802,0.407,1.574,0.769,9,0.843,0.444,1.595,1.139,2,0.2,0.055,0.726,0.2,6.77,0.4983,0.542,24.75,1.8205,1.9803,5.79,0.4258,0.4632,18.1,1.3314,1.4483,21.85,1.6073,1.7483,9.87,0.726,0.7898,10.39,0.764,0.831,2.46,0.1811,0.197,8,,,2025搜索随机1w,助手语音1k,1.81,10.05,26,17,29,18,14,27,16,42,早孕检测与月经变化查询,65.2,怀孕 / 怀孕 / 孕妇
DISEASE_CONCEPT_INFO__6,DISEASE_CONCEPT_INFO__6,,471,1.07,167,1.67,1.437,1.941,2.056,57,0.57,0.44,0.738,0.405,151,1.51,1.289,1.769,1.526,56,0.56,0.432,0.726,0.612,21,2.192,1.438,3.328,2.571,5,0.501,0.214,1.167,0.427,11,1.031,0.577,1.837,1.349,3,0.3,0.102,0.878,0.3,20.04,1.5611,1.6033,6.84,0.5327,0.5471,18.12,1.4115,1.4497,6.72,0.5234,0.5375,26.3,2.0487,2.1041,6.01,0.4682,0.4809,12.37,0.9635,0.9895,3.6,0.2804,0.288,8,,,助手头部1k,助手语音1k,1.892,7.31,11,37,12,37,12,33,14,37,查询病症与物品图片,61.1,男性阴虱图片 / 荨麻疹 / 带状疱疹
REFERENCE_VALUE_CALCULATOR__1,REFERENCE_VALUE_CALCULATOR__1,,399,0.906,122,1.22,1.023,1.455,1.748,61,0.61,0.475,0.783,3.526,129,1.29,1.087,1.531,1.755,59,0.59,0.458,0.76,0.673,11,1.148,0.642,2.044,1.039,4,0.401,0.156,1.026,0.512,6,0.562,0.258,1.221,0.593,7,0.7,0.339,1.438,0.7,18.71,1.3462,1.4968,9.35,0.673,0.7483,19.78,1.4235,1.5827,9.05,0.6509,0.7237,17.61,1.2668,1.4085,6.15,0.4422,0.4916,8.62,0.6204,0.6898,10.73,0.7723,0.8587,8,,,2026搜索,助手随机1k,0.889,3.22,19,34,15,36,21,39,18,24,查询健康指标正常范围,97.2,血压150/90算不算高血压 / 血糖正常值 / 血压正常值是多少范围
REFERENCE_VALUE_CALCULATOR__2,REFERENCE_VALUE_CALCULATOR__2,,390,0.886,72,0.72,0.572,0.906,0.778,118,1.18,0.986,1.411,0.448,74,0.74,0.59,0.928,0.58,87,0.87,0.706,1.072,1.247,12,1.253,0.718,2.177,3.115,19,1.904,1.222,2.954,1.708,1,0.094,0.017,0.529,0.071,7,0.7,0.339,1.438,0.7,9.65,0.8128,0.7722,15.82,1.3319,1.2653,9.92,0.8354,0.7937,11.66,0.982,0.9329,16.79,1.4138,1.3432,25.52,2.1488,2.0415,1.26,0.1058,0.1005,9.38,0.7901,0.7506,8,,,助手随机1k,助手语音头部1k,1.81,20.31,24,22,23,26,19,17,28,24,查询健康指标正常范围,70.0,成人bmi / 头发一个月能长多少厘米 / bmi计算器
CARE_NAVIGATION_COST__3,CARE_NAVIGATION_COST__3,,323,0.734,46,0.46,0.345,0.613,0.337,97,0.97,0.796,1.182,0.347,50,0.5,0.38,0.659,0.335,87,0.87,0.706,1.072,0.941,17,1.775,1.111,2.823,2.521,20,2.004,1.301,3.075,1.879,1,0.094,0.017,0.529,0.044,5,0.5,0.214,1.165,0.5,6.41,0.627,0.5132,13.52,1.3219,1.0819,6.97,0.6815,0.5578,12.13,1.1857,0.9704,24.74,2.4184,1.9793,27.94,2.7311,2.2352,1.31,0.1277,0.1045,6.97,0.6814,0.5577,8,,,助手随机1k,助手语音头部1k,1.91,21.38,28,25,27,26,14,16,28,30,查询医疗健康恢复时间与费用,55.7,试管婴儿费用大概多少 / 气血康口服液云南白药多少钱一盒 / 左炔诺孕酮肠溶片的价格是多少
RECOVERY_TIMING__2,RECOVERY_TIMING__2,,279,0.634,29,0.29,0.202,0.416,0.23,89,0.89,0.724,1.094,0.405,39,0.39,0.285,0.533,0.243,97,0.97,0.796,1.182,0.685,3,0.313,0.107,0.917,0.252,18,1.804,1.144,2.833,1.879,0,0.0,0.0,0.359,0.0,4,0.4,0.156,1.024,0.4,5.74,0.4576,0.4589,17.6,1.4042,1.408,7.71,0.6154,0.6171,19.18,1.5304,1.5345,6.19,0.4941,0.4954,35.67,2.8456,2.8533,0.0,0.0,0.0,7.91,0.6311,0.6328,7,助手语音头部1k,,助手随机1k,助手语音头部1k,1.804,inf,33,27,32,24,31,18,36,36,查询医疗健康恢复时间与费用,77.4,脂肪肝逆转需要多久 / 甲硝唑片吃完多久见效 / 昏迷不醒几天最危险
RECOVERY_TIMING__1,RECOVERY_TIMING__1,,262,0.595,39,0.39,0.285,0.533,0.283,87,0.87,0.706,1.072,0.283,31,0.31,0.219,0.44,0.184,84,0.84,0.679,1.039,1.23,3,0.313,0.107,0.917,0.212,10,1.002,0.545,1.835,0.939,0,0.0,0.0,0.359,0.0,8,0.8,0.406,1.571,0.8,8.62,0.6554,0.6896,19.23,1.4617,1.538,6.85,0.5209,0.5481,18.56,1.4113,1.485,6.92,0.5261,0.5536,22.14,1.6835,1.7714,0.0,0.0,0.0,17.68,1.3441,1.4143,7,助手语音头部1k,,助手随机1k,助手语音头部1k,1.002,inf,31,28,39,28,31,21,36,22,查询医疗健康恢复时间与费用,79.4,乳腺癌术后多久可以吃深海鱼 / 痔疮手术后怎样护理注意事项 / 睡觉前几小时不能运动
CARE_NAVIGATION_COST__4,CARE_NAVIGATION_COST__4,,259,0.588,37,0.37,0.269,0.51,0.244,83,0.83,0.67,1.028,0.918,36,0.36,0.26,0.498,0.237,88,0.88,0.715,1.083,0.763,7,0.731,0.354,1.501,0.683,5,0.501,0.214,1.167,0.427,1,0.094,0.017,0.529,0.044,2,0.2,0.055,0.726,0.2,9.33,0.629,0.7466,20.93,1.4106,1.6744,9.08,0.612,0.7264,22.19,1.4956,1.7753,18.43,1.2419,1.4741,12.63,0.8515,1.0107,2.36,0.1593,0.1891,5.04,0.3399,0.4035,8,,,2026搜索随机1w,助手语音头部1k,0.786,9.39,32,29,33,25,27,33,28,42,医院及科室信息查询,66.8,消化内科主要检查哪些项目 / 男性问题去医院挂什么科 / 挂什么科
EFFICACY_AUTHENTICITY_CHECK__4,EFFICACY_AUTHENTICITY_CHECK__4,,228,0.518,19,0.19,0.122,0.297,0.106,72,0.72,0.572,0.906,0.402,32,0.32,0.227,0.451,0.326,81,0.81,0.652,1.006,0.868,2,0.209,0.057,0.758,0.854,9,0.902,0.475,1.705,0.769,4,0.375,0.146,0.96,3.569,9,0.9,0.474,1.702,0.9,4.29,0.3669,0.3435,16.27,1.3901,1.3015,7.23,0.6179,0.5786,18.3,1.5638,1.4642,4.72,0.4031,0.3774,20.38,1.7411,1.6302,8.47,0.7238,0.6777,20.34,1.7376,1.6269,8,,,助手随机1k,2025搜索,0.712,4.75,43,33,37,29,35,25,20,20,药品用法药效与联用查询,51.3,荞麦枕真的可以养生吗 / 中药治疗肿瘤有效吗 / 仁和生发丸效果怎么样
REFERENCE_VALUE_CALCULATOR__3,REFERENCE_VALUE_CALCULATOR__3,,227,0.516,27,0.27,0.186,0.393,0.15,79,0.79,0.634,0.983,0.369,32,0.32,0.227,0.451,0.221,76,0.76,0.608,0.95,0.657,3,0.313,0.107,0.917,0.188,5,0.501,0.214,1.167,0.427,0,0.0,0.0,0.359,0.0,5,0.5,0.214,1.165,0.5,7.82,0.5237,0.6254,22.87,1.5319,1.8296,9.27,0.6207,0.7413,22.0,1.4738,1.7601,9.07,0.6073,0.7253,14.5,0.9715,1.1603,0.0,0.0,0.0,14.47,0.9696,1.158,7,助手语音头部1k,,2025搜索随机1w,助手语音头部1k,0.79,inf,36,30,37,30,31,33,36,30,食物热量与健康影响查询,52.0,红薯含糖量 / 胆固醇3.93算高吗 / 碳酸钙1.5克相当于钙元素多少毫克
DOSAGE_ADMINISTRATION__6,DOSAGE_ADMINISTRATION__6,,190,0.432,27,0.27,0.186,0.393,0.19,53,0.53,0.405,0.693,0.339,28,0.28,0.194,0.404,0.187,66,0.66,0.519,0.839,0.534,1,0.104,0.018,0.589,0.053,10,1.002,0.545,1.835,0.939,0,0.0,0.0,0.359,0.0,5,0.5,0.214,1.165,0.5,8.07,0.6257,0.6456,15.84,1.2279,1.267,8.37,0.6488,0.6695,19.72,1.5291,1.5778,3.12,0.2418,0.2495,29.94,2.3214,2.3953,0.0,0.0,0.0,14.94,1.1584,1.1953,7,助手语音头部1k,,助手随机1k,助手语音头部1k,1.002,inf,36,38,40,33,39,21,36,30,药品用法用量查询,78.4,吃了米非酮片多久会流血 / 酒石酸美托洛尔的药效时间有多长 / 瑞派特片一般慢性胃炎要吃多久
PROGNOSIS_CONTAGION_VERDICT__1,PROGNOSIS_CONTAGION_VERDICT__1,,183,0.416,4,0.04,0.016,0.103,0.026,79,0.79,0.634,0.983,0.665,12,0.12,0.069,0.21,0.079,68,0.68,0.537,0.861,0.395,2,0.209,0.057,0.758,0.122,13,1.303,0.763,2.216,1.196,3,0.281,0.096,0.823,0.787,2,0.2,0.055,0.726,0.2,1.1,0.0962,0.0884,21.81,1.9003,1.7446,3.31,0.2887,0.2651,18.77,1.6357,1.5017,5.76,0.5022,0.461,35.96,3.1333,2.8766,7.76,0.6763,0.6209,5.52,0.4811,0.4417,8,,,助手随机1k,2025搜索,1.263,32.56,53,30,48,32,35,19,24,42,查询疾病严重性、传染性与治疗风险,77.0,子宫腺肌症合并腺肌瘤会自愈吗 / 糖尿病一旦同房就很难恢复吗 / 阿尔兹海默症的老年人服用抗焦虑药后认知会逆转吗
EFFICACY_AUTHENTICITY_CHECK__2,EFFICACY_AUTHENTICITY_CHECK__2,,166,0.377,5,0.05,0.021,0.117,0.024,60,0.6,0.466,0.771,0.179,33,0.33,0.235,0.463,0.184,56,0.56,0.432,0.726,0.629,0,0.0,0.0,0.399,0.0,6,0.601,0.276,1.305,0.512,1,0.094,0.017,0.529,0.044,5,0.5,0.214,1.165,0.5,1.83,0.1326,0.1463,21.94,1.591,1.755,12.07,0.8753,0.9655,20.48,1.485,1.638,0.0,0.0,0.0,21.98,1.5942,1.7585,3.43,0.2485,0.2741,18.28,1.3259,1.4625,7,助手头部1k,,助手随机1k,助手头部1k,0.601,inf,52,35,36,37,47,32,28,30,药品用法药效与联用查询,89.8,排石颗粒对输尿管结石有用吗 / 喉咙痛吃牛黄解毒胶囊有用吗 / 我复个啥敷个姜片晕车的喷药姜管用吗
DOSAGE_ADMINISTRATION__4,DOSAGE_ADMINISTRATION__4,,156,0.354,40,0.4,0.294,0.544,0.31,20,0.2,0.13,0.309,0.11,48,0.48,0.362,0.636,0.365,34,0.34,0.243,0.475,0.239,5,0.522,0.223,1.216,0.293,3,0.301,0.102,0.88,0.256,0,0.0,0.0,0.359,0.0,6,0.6,0.275,1.303,0.6,14.07,1.1289,1.1259,7.04,0.5643,0.5628,16.89,1.3547,1.3511,11.96,0.9594,0.9568,18.36,1.4727,1.4688,10.57,0.8482,0.846,0.0,0.0,0.0,21.11,1.693,1.6885,7,助手语音头部1k,,助手语音1k,助手语音头部1k,0.6,inf,30,47,28,44,28,46,36,28,药品用法用量查询,95.5,一次3至6克是多少粒丸药呢 / 一天吃几个鸡蛋合适 / 一天吃几个鸡蛋合适
DOSAGE_ADMINISTRATION__2,DOSAGE_ADMINISTRATION__2,,154,0.35,14,0.14,0.083,0.235,0.096,53,0.53,0.405,0.693,0.16,26,0.26,0.178,0.381,0.153,42,0.42,0.311,0.567,0.456,0,0.0,0.0,0.399,0.0,11,1.102,0.617,1.963,0.939,0,0.0,0.0,0.359,0.0,8,0.8,0.406,1.571,0.8,4.31,0.4003,0.3444,16.3,1.5149,1.3037,8.0,0.7433,0.6397,12.91,1.2005,1.0331,0.0,0.0,0.0,33.89,3.1505,2.7112,0.0,0.0,0.0,24.6,2.2867,1.9678,6,助手头部1k / 助手语音头部1k,,助手随机1k,助手头部1k,1.102,inf,45,38,42,41,47,20,36,22,药品用法用量查询,38.3,苍术用量一般多少克 / 坎地沙坦胺每天的最大用量 / 气逆强心胶囊与地高辛连用的主要风险是什么
COMPARISON_DIFFERENCE_VERDICT__2,COMPARISON_DIFFERENCE_VERDICT__2,,146,0.332,10,0.1,0.054,0.184,0.052,50,0.5,0.379,0.659,0.291,10,0.1,0.054,0.184,0.056,61,0.61,0.475,0.783,0.635,0,0.0,0.0,0.399,0.0,8,0.802,0.407,1.574,0.683,0,0.0,0.0,0.359,0.0,7,0.7,0.339,1.438,0.7,3.56,0.3016,0.2846,17.78,1.5075,1.4227,3.56,0.3016,0.2846,21.7,1.8392,1.7356,0.0,0.0,0.0,28.51,2.4168,2.2808,0.0,0.0,0.0,24.9,2.1105,1.9917,6,助手头部1k / 助手语音头部1k,,助手随机1k,助手头部1k,0.802,inf,48,40,52,34,47,27,36,24,药品用法药效与联用查询,65.8,强的松和醋酸泼尼松片的区别 / 美媛春口服液独立包装好吗还整合包装好 / 普罗雌烯乳膏和雌三醇乳膏哪个好
EFFICACY_AUTHENTICITY_CHECK__1,EFFICACY_AUTHENTICITY_CHECK__1,,137,0.311,12,0.12,0.069,0.21,0.072,58,0.58,0.449,0.749,0.184,12,0.12,0.069,0.21,0.05,48,0.48,0.362,0.636,0.312,0,0.0,0.0,0.399,0.0,4,0.401,0.156,1.026,0.427,0,0.0,0.0,0.359,0.0,3,0.3,0.102,0.878,0.3,6.0,0.3856,0.4799,28.99,1.8636,2.319,6.0,0.3856,0.4799,23.99,1.5423,1.9192,0.0,0.0,0.0,20.03,1.2878,1.6025,0.0,0.0,0.0,14.99,0.9639,1.1995,6,助手头部1k / 助手语音头部1k,,2025搜索随机1w,助手头部1k,0.58,inf,46,36,48,39,47,39,36,37,药品用法药效与联用查询,63.5,嵊州还有没有其他烧伤中医高手 / 牛奶蒸真的能让肺结节消下去吗 / 泡脚中药泡脚包要买磨成粉的还是没磨成成粉的好
DOSAGE_ADMINISTRATION__3,DOSAGE_ADMINISTRATION__3,,136,0.309,27,0.27,0.186,0.393,0.211,27,0.27,0.186,0.393,0.076,44,0.44,0.328,0.59,0.387,33,0.33,0.235,0.463,0.256,1,0.104,0.018,0.589,0.046,4,0.401,0.156,1.026,0.342,0,0.0,0.0,0.359,0.0,0,0.0,0.0,0.383,0.0,14.88,0.8741,1.1901,14.87,0.8739,1.1899,24.24,1.4244,1.9394,18.18,1.0681,1.4543,5.75,0.3379,0.46,22.08,1.2973,1.7663,0.0,0.0,0.0,0.0,0.0,0.0,6,助手语音头部1k / 助手语音1k,,2026搜索,助手语音头部1k,0.44,inf,36,46,31,45,39,39,36,52,中药方剂配方剂量查询,30.1,这三种药我都是吃第一口饭吃的 / 利伐沙班和感冒药怎么错开吃 / 你是糖尿病的，别有糖尿病，多吃点，这个还行啊，把
PHARMA_COMPANY_LOOKUP__1,PHARMA_COMPANY_LOOKUP__1,,131,0.298,46,0.46,0.345,0.613,0.345,3,0.03,0.01,0.088,0.029,73,0.73,0.581,0.917,0.63,3,0.03,0.01,0.088,0.033,1,0.104,0.018,0.589,0.05,0,0.0,0.0,0.383,0.0,4,0.375,0.146,0.96,0.404,1,0.1,0.018,0.564,0.1,25.15,1.546,2.0119,1.64,0.1008,0.1312,39.91,2.4535,3.1928,1.64,0.1008,0.1312,5.71,0.3508,0.4564,0.0,0.0,0.0,20.49,1.2597,1.6393,5.47,0.336,0.4373,7,助手随机1k,,2026搜索,助手随机1k,0.73,inf,28,54,24,54,39,53,20,50,药品与药企信息查询,79.4,昭衍新药 / 华北制药 / 生物制药
COMPARISON_DIFFERENCE_VERDICT__1,COMPARISON_DIFFERENCE_VERDICT__1,,128,0.291,27,0.27,0.186,0.393,0.147,39,0.39,0.285,0.533,0.204,22,0.22,0.145,0.333,0.135,31,0.31,0.218,0.44,0.239,1,0.104,0.018,0.589,0.164,3,0.301,0.102,0.88,0.256,0,0.0,0.0,0.359,0.0,5,0.5,0.214,1.165,0.5,12.89,0.9287,1.0312,18.62,1.3412,1.4892,10.5,0.7567,0.8402,14.8,1.0661,1.1837,4.98,0.359,0.3986,14.35,1.0338,1.1478,0.0,0.0,0.0,23.87,1.7195,1.9092,7,助手语音头部1k,,助手语音1k,助手语音头部1k,0.5,inf,36,42,45,46,39,46,36,30,医学健康知识查询,89.8,白班和白癜风是一种病吗 / 胆管炎和胆囊炎有什么区别吗 / 引产与自然分娩的婴儿有什么区别
COMPARISON_DIFFERENCE_VERDICT__5,COMPARISON_DIFFERENCE_VERDICT__5,,114,0.259,6,0.06,0.028,0.131,0.026,48,0.48,0.362,0.636,0.631,11,0.11,0.061,0.197,0.064,39,0.39,0.285,0.533,0.25,2,0.209,0.057,0.758,0.729,2,0.2,0.055,0.728,0.171,0,0.0,0.0,0.359,0.0,6,0.6,0.275,1.303,0.6,2.93,0.2317,0.2343,23.42,1.8534,1.8739,5.37,0.4248,0.4295,19.03,1.5059,1.5225,10.19,0.8061,0.815,9.78,0.7738,0.7824,0.0,0.0,0.0,29.28,2.3168,2.3424,7,助手语音头部1k,,助手语音1k,助手语音头部1k,0.6,inf,51,41,51,42,35,49,36,28,食物热量与健康影响查询,88.6,女性的bmi大好还是小好 / 荔枝是降血糖还是升血糖 / 赤小豆补血好还是红豆补血好
COMPARISON_DIFFERENCE_VERDICT__4,COMPARISON_DIFFERENCE_VERDICT__4,,107,0.243,10,0.1,0.054,0.184,0.069,39,0.39,0.285,0.533,0.332,6,0.06,0.028,0.131,0.031,44,0.44,0.328,0.59,0.34,0,0.0,0.0,0.399,0.0,5,0.501,0.214,1.167,0.427,0,0.0,0.0,0.359,0.0,3,0.3,0.102,0.878,0.3,5.58,0.4115,0.4468,21.78,1.6044,1.742,3.35,0.2469,0.2681,24.57,1.8101,1.9653,0.0,0.0,0.0,27.97,2.0611,2.2378,0.0,0.0,0.0,16.75,1.2342,1.34,6,助手头部1k / 助手语音头部1k,,助手随机1k,助手头部1k,0.501,inf,48,42,53,40,47,33,36,37,医学健康知识查询,32.7,北京同仁堂和南京同仁堂的区别 / 西地那非和他达拉非的区别 / 熟地黄和生地黄药渣的区别
PROGNOSIS_CONTAGION_VERDICT__2,PROGNOSIS_CONTAGION_VERDICT__2,,102,0.232,23,0.23,0.153,0.345,0.22,28,0.28,0.194,0.404,0.207,26,0.26,0.178,0.381,0.198,17,0.17,0.106,0.272,0.128,1,0.104,0.018,0.589,0.048,4,0.401,0.156,1.026,0.342,1,0.094,0.017,0.529,0.131,2,0.2,0.055,0.726,0.2,13.23,0.9928,1.0583,16.1,1.2084,1.2881,14.95,1.1223,1.1963,9.78,0.7336,0.7821,6.0,0.4505,0.4802,23.05,1.7297,1.8438,5.39,0.4045,0.4311,11.5,0.8631,0.9201,8,,,助手随机1k,助手语音头部1k,0.307,4.28,40,45,42,50,39,39,28,42,查询疾病严重性、传染性与治疗风险,91.2,慢性乙型病毒肝炎有传染性吗 / HPV DV v hv 6是不是高危HPV 53 / 应该动了手术切除的肺对别人有传染性吗
PROGNOSIS_CONTAGION_VERDICT__4,PROGNOSIS_CONTAGION_VERDICT__4,,100,0.227,29,0.29,0.202,0.416,0.227,15,0.15,0.091,0.247,0.101,34,0.34,0.243,0.475,0.227,19,0.19,0.122,0.297,0.217,0,0.0,0.0,0.399,0.0,2,0.2,0.055,0.728,0.256,0,0.0,0.0,0.359,0.0,1,0.1,0.018,0.564,0.1,22.83,1.2768,1.8264,11.81,0.6603,0.9445,26.77,1.4969,2.1413,14.95,0.8364,1.1964,0.0,0.0,0.0,15.77,0.8821,1.2618,0.0,0.0,0.0,7.87,0.4402,0.6297,6,助手头部1k / 助手语音头部1k,,2026搜索,助手头部1k,0.34,inf,33,52,35,48,47,49,36,50,查询医疗健康恢复时间与费用,98.0,肝癌早期发现后，生存期有多长 / 舌癌的寿命一般几年 / 肝上做了体魄时能活几年
COMPARISON_DIFFERENCE_VERDICT__3,COMPARISON_DIFFERENCE_VERDICT__3,,88,0.2,4,0.04,0.016,0.103,0.03,36,0.36,0.26,0.498,0.147,4,0.04,0.016,0.103,0.023,35,0.35,0.252,0.486,0.234,0,0.0,0.0,0.399,0.0,3,0.301,0.102,0.88,0.512,1,0.094,0.017,0.529,0.044,5,0.5,0.214,1.165,0.5,2.38,0.2001,0.19,21.37,1.8008,1.7099,2.38,0.2001,0.19,20.78,1.7508,1.6624,0.0,0.0,0.0,17.85,1.5037,1.4277,5.56,0.4688,0.4451,29.69,2.5011,2.3748,7,助手头部1k,,助手语音1k,助手头部1k,0.5,inf,53,44,54,43,47,46,28,30,药品用法药效与联用查询,20.5,碘伏和酒精哪个更安全 / 那抠伤了用创可贴还是创口贴 / 想用仙人掌外敷对白矾好还是里头搁鸡蛋清好提供
PROGNOSIS_CONTAGION_VERDICT__3,PROGNOSIS_CONTAGION_VERDICT__3,,82,0.186,22,0.22,0.145,0.333,0.153,18,0.18,0.114,0.284,1.076,22,0.22,0.145,0.333,0.13,12,0.12,0.069,0.21,0.106,4,0.418,0.162,1.069,0.362,4,0.401,0.156,1.026,0.342,0,0.0,0.0,0.359,0.0,0,0.0,0.0,0.383,0.0,14.12,1.1812,1.1296,11.55,0.9663,0.924,14.12,1.1812,1.1296,7.7,0.6442,0.616,26.79,2.2414,2.1434,25.72,2.1516,2.0575,0.0,0.0,0.0,0.0,0.0,0.0,6,助手语音头部1k / 助手语音1k,,助手头部1k,助手语音头部1k,0.418,inf,41,48,45,52,30,39,36,52,查询疾病严重性、传染性与治疗风险,86.6,hpv可以治愈吗 / 癫闲病能彻底治疗吗 / 成人三级视功能还能恢复吗
DOSAGE_ADMINISTRATION__1,DOSAGE_ADMINISTRATION__1,,78,0.177,20,0.2,0.13,0.309,0.117,18,0.18,0.114,0.284,0.169,28,0.28,0.194,0.404,0.172,7,0.07,0.034,0.144,0.039,1,0.104,0.018,0.589,0.13,2,0.2,0.055,0.728,0.171,0,0.0,0.0,0.359,0.0,2,0.2,0.055,0.726,0.2,16.2,1.1289,1.2959,14.58,1.0158,1.1661,22.68,1.5805,1.8143,5.67,0.395,0.4535,8.45,0.5891,0.6762,16.23,1.131,1.2983,0.0,0.0,0.0,16.2,1.1287,1.2957,7,助手语音头部1k,,2026搜索,助手语音头部1k,0.28,inf,42,48,40,53,39,49,36,42,药品用法用量查询,97.4,饭前吃还是饭后吃 / 异养胃颗粒饭前吃好还是饭后吃好 / 饭前多少分钟吃药
DOSAGE_ADMINISTRATION__5,DOSAGE_ADMINISTRATION__5,,78,0.177,18,0.18,0.114,0.284,0.198,16,0.16,0.099,0.26,0.076,26,0.26,0.178,0.381,0.218,16,0.16,0.099,0.26,0.267,0,0.0,0.0,0.399,0.0,0,0.0,0.0,0.383,0.0,0,0.0,0.0,0.359,0.0,2,0.2,0.055,0.726,0.2,18.75,1.016,1.5002,16.67,0.903,1.3332,27.09,1.4676,2.1669,16.67,0.903,1.3332,0.0,0.0,0.0,0.0,0.0,0.0,0.0,0.0,0.0,20.83,1.1287,1.6665,5,助手头部1k / 助手随机1k / 助手语音头部1k,,2026搜索,助手头部1k,0.26,inf,44,51,42,51,47,53,36,42,药品用法用量查询,93.6,丁苯酞软胶囊最佳服用时间 / 吃降压药什么吃时候吃早上吃还是晚上吃 / 灵芝孢子粉什么时候吃比较好
EFFICACY_AUTHENTICITY_CHECK__3,EFFICACY_AUTHENTICITY_CHECK__3,,71,0.161,12,0.12,0.069,0.21,0.081,17,0.17,0.106,0.272,0.113,12,0.12,0.069,0.21,0.066,25,0.25,0.169,0.369,0.156,1,0.104,0.018,0.589,0.087,2,0.2,0.055,0.728,0.171,0,0.0,0.0,0.359,0.0,2,0.2,0.055,0.726,0.2,10.3,0.7441,0.8243,14.59,1.054,1.1675,10.3,0.7441,0.8243,21.46,1.55,1.717,8.96,0.6472,0.7169,17.2,1.2425,1.3763,0.0,0.0,0.0,17.17,1.24,1.3736,7,助手语音头部1k,,2026搜索随机1w,助手语音头部1k,0.25,inf,46,50,48,47,39,49,36,42,食物热量与健康影响查询,80.3,减肥的时候为什么说腐竹不好 / 香蕉可以补钾元素吗 / 能减肥吗
COMPARISON_DIFFERENCE_VERDICT__6,COMPARISON_DIFFERENCE_VERDICT__6,,57,0.129,8,0.08,0.041,0.158,0.05,13,0.13,0.076,0.222,0.062,13,0.13,0.076,0.222,0.075,18,0.18,0.114,0.284,0.156,1,0.104,0.018,0.589,0.05,4,0.401,0.156,1.026,0.342,0,0.0,0.0,0.359,0.0,0,0.0,0.0,0.383,0.0,7.8,0.6179,0.6244,12.68,1.0039,1.0144,12.68,1.0041,1.0146,17.56,1.3901,1.4046,10.18,0.8061,0.8145,39.09,3.0952,3.1275,0.0,0.0,0.0,0.0,0.0,0.0,6,助手语音头部1k / 助手语音1k,,助手随机1k,助手语音头部1k,0.401,inf,50,53,47,49,39,39,36,52,查询健康问题对应的食物建议,28.1,胸腺法新哪个品牌最适合长期注射 / 章小蝶和维健美哪个性价比更高 / 哪个品牌的螯合钙口碑最好
ACCIDENTAL_INGESTION_FIRST_AID__1,ACCIDENTAL_INGESTION_FIRST_AID__1,,6,0.014,1,0.01,0.002,0.057,0.009,3,0.03,0.01,0.088,0.006,1,0.01,0.002,0.057,0.007,1,0.01,0.002,0.057,0.006,0,0.0,0.0,0.399,0.0,0,0.0,0.0,0.383,0.0,0,0.0,0.0,0.359,0.0,0,0.0,0.0,0.383,0.0,16.67,0.7338,1.3335,50.0,2.201,3.9997,16.67,0.7338,1.3335,16.67,0.7337,1.3332,0.0,0.0,0.0,0.0,0.0,0.0,0.0,0.0,0.0,0.0,0.0,0.0,4,助手头部1k / 助手随机1k / 助手语音头部1k / 助手语音1k,,2025搜索随机1w,助手头部1k,0.03,inf,55,54,55,55,47,53,36,52,身体不适快速缓解方法查询,83.3,（该子意图无可引行）
